experiment,model,dataset,seed,subset_ratio,lora_rank,lora_targets,train_samples,train_loss,train_time_min,trainable_pct,peak_vram_mb,closed_acc,open_acc,open_bertscore_f1,overall_acc,cf_base_overall,cf_ft_overall,cf_degradation_pct
main,gemma4-e2b,pathvqa,42,,16,"['model.language_model.layers.0.self_attn.q_proj', 'model.language_model.layers.0.self_attn.v_proj', 'model.language_model.layers.1.self_attn.q_proj', 'model.language_model.layers.1.self_attn.v_proj', 'model.language_model.layers.2.self_attn.q_proj', 'model.language_model.layers.2.self_attn.v_proj', 'model.language_model.layers.3.self_attn.q_proj', 'model.language_model.layers.3.self_attn.v_proj', 'model.language_model.layers.4.self_attn.q_proj', 'model.language_model.layers.4.self_attn.v_proj', 'model.language_model.layers.5.self_attn.q_proj', 'model.language_model.layers.5.self_attn.v_proj', 'model.language_model.layers.6.self_attn.q_proj', 'model.language_model.layers.6.self_attn.v_proj', 'model.language_model.layers.7.self_attn.q_proj', 'model.language_model.layers.7.self_attn.v_proj', 'model.language_model.layers.8.self_attn.q_proj', 'model.language_model.layers.8.self_attn.v_proj', 'model.language_model.layers.9.self_attn.q_proj', 'model.language_model.layers.9.self_attn.v_proj', 'model.language_model.layers.10.self_attn.q_proj', 'model.language_model.layers.10.self_attn.v_proj', 'model.language_model.layers.11.self_attn.q_proj', 'model.language_model.layers.11.self_attn.v_proj', 'model.language_model.layers.12.self_attn.q_proj', 'model.language_model.layers.12.self_attn.v_proj', 'model.language_model.layers.13.self_attn.q_proj', 'model.language_model.layers.13.self_attn.v_proj', 'model.language_model.layers.14.self_attn.q_proj', 'model.language_model.layers.14.self_attn.v_proj', 'model.language_model.layers.15.self_attn.q_proj', 'model.language_model.layers.15.self_attn.v_proj', 'model.language_model.layers.16.self_attn.q_proj', 'model.language_model.layers.16.self_attn.v_proj', 'model.language_model.layers.17.self_attn.q_proj', 'model.language_model.layers.17.self_attn.v_proj', 'model.language_model.layers.18.self_attn.q_proj', 'model.language_model.layers.18.self_attn.v_proj', 'model.language_model.layers.19.self_attn.q_proj', 'model.language_model.layers.19.self_attn.v_proj', 'model.language_model.layers.20.self_attn.q_proj', 'model.language_model.layers.20.self_attn.v_proj', 'model.language_model.layers.21.self_attn.q_proj', 'model.language_model.layers.21.self_attn.v_proj', 'model.language_model.layers.22.self_attn.q_proj', 'model.language_model.layers.22.self_attn.v_proj', 'model.language_model.layers.23.self_attn.q_proj', 'model.language_model.layers.23.self_attn.v_proj', 'model.language_model.layers.24.self_attn.q_proj', 'model.language_model.layers.24.self_attn.v_proj', 'model.language_model.layers.25.self_attn.q_proj', 'model.language_model.layers.25.self_attn.v_proj', 'model.language_model.layers.26.self_attn.q_proj', 'model.language_model.layers.26.self_attn.v_proj', 'model.language_model.layers.27.self_attn.q_proj', 'model.language_model.layers.27.self_attn.v_proj', 'model.language_model.layers.28.self_attn.q_proj', 'model.language_model.layers.28.self_attn.v_proj', 'model.language_model.layers.29.self_attn.q_proj', 'model.language_model.layers.29.self_attn.v_proj', 'model.language_model.layers.30.self_attn.q_proj', 'model.language_model.layers.30.self_attn.v_proj', 'model.language_model.layers.31.self_attn.q_proj', 'model.language_model.layers.31.self_attn.v_proj', 'model.language_model.layers.32.self_attn.q_proj', 'model.language_model.layers.32.self_attn.v_proj', 'model.language_model.layers.33.self_attn.q_proj', 'model.language_model.layers.33.self_attn.v_proj', 'model.language_model.layers.34.self_attn.q_proj', 'model.language_model.layers.34.self_attn.v_proj']",19654,13.572593793869018,50.7,0.06,14372.8,0.3501,0.0074,0.805,0.1789,,,
main,gemma4-e2b,pathvqa,123,,16,"['model.language_model.layers.0.self_attn.q_proj', 'model.language_model.layers.0.self_attn.v_proj', 'model.language_model.layers.1.self_attn.q_proj', 'model.language_model.layers.1.self_attn.v_proj', 'model.language_model.layers.2.self_attn.q_proj', 'model.language_model.layers.2.self_attn.v_proj', 'model.language_model.layers.3.self_attn.q_proj', 'model.language_model.layers.3.self_attn.v_proj', 'model.language_model.layers.4.self_attn.q_proj', 'model.language_model.layers.4.self_attn.v_proj', 'model.language_model.layers.5.self_attn.q_proj', 'model.language_model.layers.5.self_attn.v_proj', 'model.language_model.layers.6.self_attn.q_proj', 'model.language_model.layers.6.self_attn.v_proj', 'model.language_model.layers.7.self_attn.q_proj', 'model.language_model.layers.7.self_attn.v_proj', 'model.language_model.layers.8.self_attn.q_proj', 'model.language_model.layers.8.self_attn.v_proj', 'model.language_model.layers.9.self_attn.q_proj', 'model.language_model.layers.9.self_attn.v_proj', 'model.language_model.layers.10.self_attn.q_proj', 'model.language_model.layers.10.self_attn.v_proj', 'model.language_model.layers.11.self_attn.q_proj', 'model.language_model.layers.11.self_attn.v_proj', 'model.language_model.layers.12.self_attn.q_proj', 'model.language_model.layers.12.self_attn.v_proj', 'model.language_model.layers.13.self_attn.q_proj', 'model.language_model.layers.13.self_attn.v_proj', 'model.language_model.layers.14.self_attn.q_proj', 'model.language_model.layers.14.self_attn.v_proj', 'model.language_model.layers.15.self_attn.q_proj', 'model.language_model.layers.15.self_attn.v_proj', 'model.language_model.layers.16.self_attn.q_proj', 'model.language_model.layers.16.self_attn.v_proj', 'model.language_model.layers.17.self_attn.q_proj', 'model.language_model.layers.17.self_attn.v_proj', 'model.language_model.layers.18.self_attn.q_proj', 'model.language_model.layers.18.self_attn.v_proj', 'model.language_model.layers.19.self_attn.q_proj', 'model.language_model.layers.19.self_attn.v_proj', 'model.language_model.layers.20.self_attn.q_proj', 'model.language_model.layers.20.self_attn.v_proj', 'model.language_model.layers.21.self_attn.q_proj', 'model.language_model.layers.21.self_attn.v_proj', 'model.language_model.layers.22.self_attn.q_proj', 'model.language_model.layers.22.self_attn.v_proj', 'model.language_model.layers.23.self_attn.q_proj', 'model.language_model.layers.23.self_attn.v_proj', 'model.language_model.layers.24.self_attn.q_proj', 'model.language_model.layers.24.self_attn.v_proj', 'model.language_model.layers.25.self_attn.q_proj', 'model.language_model.layers.25.self_attn.v_proj', 'model.language_model.layers.26.self_attn.q_proj', 'model.language_model.layers.26.self_attn.v_proj', 'model.language_model.layers.27.self_attn.q_proj', 'model.language_model.layers.27.self_attn.v_proj', 'model.language_model.layers.28.self_attn.q_proj', 'model.language_model.layers.28.self_attn.v_proj', 'model.language_model.layers.29.self_attn.q_proj', 'model.language_model.layers.29.self_attn.v_proj', 'model.language_model.layers.30.self_attn.q_proj', 'model.language_model.layers.30.self_attn.v_proj', 'model.language_model.layers.31.self_attn.q_proj', 'model.language_model.layers.31.self_attn.v_proj', 'model.language_model.layers.32.self_attn.q_proj', 'model.language_model.layers.32.self_attn.v_proj', 'model.language_model.layers.33.self_attn.q_proj', 'model.language_model.layers.33.self_attn.v_proj', 'model.language_model.layers.34.self_attn.q_proj', 'model.language_model.layers.34.self_attn.v_proj']",19654,13.679038349151611,50.7,0.06,14372.8,0.2977,0.0057,0.8066,0.1518,,,
main,gemma4-e2b,pathvqa,456,,16,"['model.language_model.layers.0.self_attn.q_proj', 'model.language_model.layers.0.self_attn.v_proj', 'model.language_model.layers.1.self_attn.q_proj', 'model.language_model.layers.1.self_attn.v_proj', 'model.language_model.layers.2.self_attn.q_proj', 'model.language_model.layers.2.self_attn.v_proj', 'model.language_model.layers.3.self_attn.q_proj', 'model.language_model.layers.3.self_attn.v_proj', 'model.language_model.layers.4.self_attn.q_proj', 'model.language_model.layers.4.self_attn.v_proj', 'model.language_model.layers.5.self_attn.q_proj', 'model.language_model.layers.5.self_attn.v_proj', 'model.language_model.layers.6.self_attn.q_proj', 'model.language_model.layers.6.self_attn.v_proj', 'model.language_model.layers.7.self_attn.q_proj', 'model.language_model.layers.7.self_attn.v_proj', 'model.language_model.layers.8.self_attn.q_proj', 'model.language_model.layers.8.self_attn.v_proj', 'model.language_model.layers.9.self_attn.q_proj', 'model.language_model.layers.9.self_attn.v_proj', 'model.language_model.layers.10.self_attn.q_proj', 'model.language_model.layers.10.self_attn.v_proj', 'model.language_model.layers.11.self_attn.q_proj', 'model.language_model.layers.11.self_attn.v_proj', 'model.language_model.layers.12.self_attn.q_proj', 'model.language_model.layers.12.self_attn.v_proj', 'model.language_model.layers.13.self_attn.q_proj', 'model.language_model.layers.13.self_attn.v_proj', 'model.language_model.layers.14.self_attn.q_proj', 'model.language_model.layers.14.self_attn.v_proj', 'model.language_model.layers.15.self_attn.q_proj', 'model.language_model.layers.15.self_attn.v_proj', 'model.language_model.layers.16.self_attn.q_proj', 'model.language_model.layers.16.self_attn.v_proj', 'model.language_model.layers.17.self_attn.q_proj', 'model.language_model.layers.17.self_attn.v_proj', 'model.language_model.layers.18.self_attn.q_proj', 'model.language_model.layers.18.self_attn.v_proj', 'model.language_model.layers.19.self_attn.q_proj', 'model.language_model.layers.19.self_attn.v_proj', 'model.language_model.layers.20.self_attn.q_proj', 'model.language_model.layers.20.self_attn.v_proj', 'model.language_model.layers.21.self_attn.q_proj', 'model.language_model.layers.21.self_attn.v_proj', 'model.language_model.layers.22.self_attn.q_proj', 'model.language_model.layers.22.self_attn.v_proj', 'model.language_model.layers.23.self_attn.q_proj', 'model.language_model.layers.23.self_attn.v_proj', 'model.language_model.layers.24.self_attn.q_proj', 'model.language_model.layers.24.self_attn.v_proj', 'model.language_model.layers.25.self_attn.q_proj', 'model.language_model.layers.25.self_attn.v_proj', 'model.language_model.layers.26.self_attn.q_proj', 'model.language_model.layers.26.self_attn.v_proj', 'model.language_model.layers.27.self_attn.q_proj', 'model.language_model.layers.27.self_attn.v_proj', 'model.language_model.layers.28.self_attn.q_proj', 'model.language_model.layers.28.self_attn.v_proj', 'model.language_model.layers.29.self_attn.q_proj', 'model.language_model.layers.29.self_attn.v_proj', 'model.language_model.layers.30.self_attn.q_proj', 'model.language_model.layers.30.self_attn.v_proj', 'model.language_model.layers.31.self_attn.q_proj', 'model.language_model.layers.31.self_attn.v_proj', 'model.language_model.layers.32.self_attn.q_proj', 'model.language_model.layers.32.self_attn.v_proj', 'model.language_model.layers.33.self_attn.q_proj', 'model.language_model.layers.33.self_attn.v_proj', 'model.language_model.layers.34.self_attn.q_proj', 'model.language_model.layers.34.self_attn.v_proj']",19654,13.258574851989746,51.8,0.06,14372.8,0.4304,0.0057,0.8086,0.2182,,,
main,gemma4-e2b,slake,42,,16,"['model.language_model.layers.0.self_attn.q_proj', 'model.language_model.layers.0.self_attn.v_proj', 'model.language_model.layers.1.self_attn.q_proj', 'model.language_model.layers.1.self_attn.v_proj', 'model.language_model.layers.2.self_attn.q_proj', 'model.language_model.layers.2.self_attn.v_proj', 'model.language_model.layers.3.self_attn.q_proj', 'model.language_model.layers.3.self_attn.v_proj', 'model.language_model.layers.4.self_attn.q_proj', 'model.language_model.layers.4.self_attn.v_proj', 'model.language_model.layers.5.self_attn.q_proj', 'model.language_model.layers.5.self_attn.v_proj', 'model.language_model.layers.6.self_attn.q_proj', 'model.language_model.layers.6.self_attn.v_proj', 'model.language_model.layers.7.self_attn.q_proj', 'model.language_model.layers.7.self_attn.v_proj', 'model.language_model.layers.8.self_attn.q_proj', 'model.language_model.layers.8.self_attn.v_proj', 'model.language_model.layers.9.self_attn.q_proj', 'model.language_model.layers.9.self_attn.v_proj', 'model.language_model.layers.10.self_attn.q_proj', 'model.language_model.layers.10.self_attn.v_proj', 'model.language_model.layers.11.self_attn.q_proj', 'model.language_model.layers.11.self_attn.v_proj', 'model.language_model.layers.12.self_attn.q_proj', 'model.language_model.layers.12.self_attn.v_proj', 'model.language_model.layers.13.self_attn.q_proj', 'model.language_model.layers.13.self_attn.v_proj', 'model.language_model.layers.14.self_attn.q_proj', 'model.language_model.layers.14.self_attn.v_proj', 'model.language_model.layers.15.self_attn.q_proj', 'model.language_model.layers.15.self_attn.v_proj', 'model.language_model.layers.16.self_attn.q_proj', 'model.language_model.layers.16.self_attn.v_proj', 'model.language_model.layers.17.self_attn.q_proj', 'model.language_model.layers.17.self_attn.v_proj', 'model.language_model.layers.18.self_attn.q_proj', 'model.language_model.layers.18.self_attn.v_proj', 'model.language_model.layers.19.self_attn.q_proj', 'model.language_model.layers.19.self_attn.v_proj', 'model.language_model.layers.20.self_attn.q_proj', 'model.language_model.layers.20.self_attn.v_proj', 'model.language_model.layers.21.self_attn.q_proj', 'model.language_model.layers.21.self_attn.v_proj', 'model.language_model.layers.22.self_attn.q_proj', 'model.language_model.layers.22.self_attn.v_proj', 'model.language_model.layers.23.self_attn.q_proj', 'model.language_model.layers.23.self_attn.v_proj', 'model.language_model.layers.24.self_attn.q_proj', 'model.language_model.layers.24.self_attn.v_proj', 'model.language_model.layers.25.self_attn.q_proj', 'model.language_model.layers.25.self_attn.v_proj', 'model.language_model.layers.26.self_attn.q_proj', 'model.language_model.layers.26.self_attn.v_proj', 'model.language_model.layers.27.self_attn.q_proj', 'model.language_model.layers.27.self_attn.v_proj', 'model.language_model.layers.28.self_attn.q_proj', 'model.language_model.layers.28.self_attn.v_proj', 'model.language_model.layers.29.self_attn.q_proj', 'model.language_model.layers.29.self_attn.v_proj', 'model.language_model.layers.30.self_attn.q_proj', 'model.language_model.layers.30.self_attn.v_proj', 'model.language_model.layers.31.self_attn.q_proj', 'model.language_model.layers.31.self_attn.v_proj', 'model.language_model.layers.32.self_attn.q_proj', 'model.language_model.layers.32.self_attn.v_proj', 'model.language_model.layers.33.self_attn.q_proj', 'model.language_model.layers.33.self_attn.v_proj', 'model.language_model.layers.34.self_attn.q_proj', 'model.language_model.layers.34.self_attn.v_proj']",4919,13.30870676612854,77.7,0.06,14162.6,0.3606,0.1346,0.8633,0.2102,,,
main,gemma4-e2b,slake,123,,16,"['model.language_model.layers.0.self_attn.q_proj', 'model.language_model.layers.0.self_attn.v_proj', 'model.language_model.layers.1.self_attn.q_proj', 'model.language_model.layers.1.self_attn.v_proj', 'model.language_model.layers.2.self_attn.q_proj', 'model.language_model.layers.2.self_attn.v_proj', 'model.language_model.layers.3.self_attn.q_proj', 'model.language_model.layers.3.self_attn.v_proj', 'model.language_model.layers.4.self_attn.q_proj', 'model.language_model.layers.4.self_attn.v_proj', 'model.language_model.layers.5.self_attn.q_proj', 'model.language_model.layers.5.self_attn.v_proj', 'model.language_model.layers.6.self_attn.q_proj', 'model.language_model.layers.6.self_attn.v_proj', 'model.language_model.layers.7.self_attn.q_proj', 'model.language_model.layers.7.self_attn.v_proj', 'model.language_model.layers.8.self_attn.q_proj', 'model.language_model.layers.8.self_attn.v_proj', 'model.language_model.layers.9.self_attn.q_proj', 'model.language_model.layers.9.self_attn.v_proj', 'model.language_model.layers.10.self_attn.q_proj', 'model.language_model.layers.10.self_attn.v_proj', 'model.language_model.layers.11.self_attn.q_proj', 'model.language_model.layers.11.self_attn.v_proj', 'model.language_model.layers.12.self_attn.q_proj', 'model.language_model.layers.12.self_attn.v_proj', 'model.language_model.layers.13.self_attn.q_proj', 'model.language_model.layers.13.self_attn.v_proj', 'model.language_model.layers.14.self_attn.q_proj', 'model.language_model.layers.14.self_attn.v_proj', 'model.language_model.layers.15.self_attn.q_proj', 'model.language_model.layers.15.self_attn.v_proj', 'model.language_model.layers.16.self_attn.q_proj', 'model.language_model.layers.16.self_attn.v_proj', 'model.language_model.layers.17.self_attn.q_proj', 'model.language_model.layers.17.self_attn.v_proj', 'model.language_model.layers.18.self_attn.q_proj', 'model.language_model.layers.18.self_attn.v_proj', 'model.language_model.layers.19.self_attn.q_proj', 'model.language_model.layers.19.self_attn.v_proj', 'model.language_model.layers.20.self_attn.q_proj', 'model.language_model.layers.20.self_attn.v_proj', 'model.language_model.layers.21.self_attn.q_proj', 'model.language_model.layers.21.self_attn.v_proj', 'model.language_model.layers.22.self_attn.q_proj', 'model.language_model.layers.22.self_attn.v_proj', 'model.language_model.layers.23.self_attn.q_proj', 'model.language_model.layers.23.self_attn.v_proj', 'model.language_model.layers.24.self_attn.q_proj', 'model.language_model.layers.24.self_attn.v_proj', 'model.language_model.layers.25.self_attn.q_proj', 'model.language_model.layers.25.self_attn.v_proj', 'model.language_model.layers.26.self_attn.q_proj', 'model.language_model.layers.26.self_attn.v_proj', 'model.language_model.layers.27.self_attn.q_proj', 'model.language_model.layers.27.self_attn.v_proj', 'model.language_model.layers.28.self_attn.q_proj', 'model.language_model.layers.28.self_attn.v_proj', 'model.language_model.layers.29.self_attn.q_proj', 'model.language_model.layers.29.self_attn.v_proj', 'model.language_model.layers.30.self_attn.q_proj', 'model.language_model.layers.30.self_attn.v_proj', 'model.language_model.layers.31.self_attn.q_proj', 'model.language_model.layers.31.self_attn.v_proj', 'model.language_model.layers.32.self_attn.q_proj', 'model.language_model.layers.32.self_attn.v_proj', 'model.language_model.layers.33.self_attn.q_proj', 'model.language_model.layers.33.self_attn.v_proj', 'model.language_model.layers.34.self_attn.q_proj', 'model.language_model.layers.34.self_attn.v_proj']",4919,13.45933304786682,53.6,0.06,14162.6,0.3972,0.1671,0.8747,0.2441,,,
main,gemma4-e2b,slake,456,,16,"['model.language_model.layers.0.self_attn.q_proj', 'model.language_model.layers.0.self_attn.v_proj', 'model.language_model.layers.1.self_attn.q_proj', 'model.language_model.layers.1.self_attn.v_proj', 'model.language_model.layers.2.self_attn.q_proj', 'model.language_model.layers.2.self_attn.v_proj', 'model.language_model.layers.3.self_attn.q_proj', 'model.language_model.layers.3.self_attn.v_proj', 'model.language_model.layers.4.self_attn.q_proj', 'model.language_model.layers.4.self_attn.v_proj', 'model.language_model.layers.5.self_attn.q_proj', 'model.language_model.layers.5.self_attn.v_proj', 'model.language_model.layers.6.self_attn.q_proj', 'model.language_model.layers.6.self_attn.v_proj', 'model.language_model.layers.7.self_attn.q_proj', 'model.language_model.layers.7.self_attn.v_proj', 'model.language_model.layers.8.self_attn.q_proj', 'model.language_model.layers.8.self_attn.v_proj', 'model.language_model.layers.9.self_attn.q_proj', 'model.language_model.layers.9.self_attn.v_proj', 'model.language_model.layers.10.self_attn.q_proj', 'model.language_model.layers.10.self_attn.v_proj', 'model.language_model.layers.11.self_attn.q_proj', 'model.language_model.layers.11.self_attn.v_proj', 'model.language_model.layers.12.self_attn.q_proj', 'model.language_model.layers.12.self_attn.v_proj', 'model.language_model.layers.13.self_attn.q_proj', 'model.language_model.layers.13.self_attn.v_proj', 'model.language_model.layers.14.self_attn.q_proj', 'model.language_model.layers.14.self_attn.v_proj', 'model.language_model.layers.15.self_attn.q_proj', 'model.language_model.layers.15.self_attn.v_proj', 'model.language_model.layers.16.self_attn.q_proj', 'model.language_model.layers.16.self_attn.v_proj', 'model.language_model.layers.17.self_attn.q_proj', 'model.language_model.layers.17.self_attn.v_proj', 'model.language_model.layers.18.self_attn.q_proj', 'model.language_model.layers.18.self_attn.v_proj', 'model.language_model.layers.19.self_attn.q_proj', 'model.language_model.layers.19.self_attn.v_proj', 'model.language_model.layers.20.self_attn.q_proj', 'model.language_model.layers.20.self_attn.v_proj', 'model.language_model.layers.21.self_attn.q_proj', 'model.language_model.layers.21.self_attn.v_proj', 'model.language_model.layers.22.self_attn.q_proj', 'model.language_model.layers.22.self_attn.v_proj', 'model.language_model.layers.23.self_attn.q_proj', 'model.language_model.layers.23.self_attn.v_proj', 'model.language_model.layers.24.self_attn.q_proj', 'model.language_model.layers.24.self_attn.v_proj', 'model.language_model.layers.25.self_attn.q_proj', 'model.language_model.layers.25.self_attn.v_proj', 'model.language_model.layers.26.self_attn.q_proj', 'model.language_model.layers.26.self_attn.v_proj', 'model.language_model.layers.27.self_attn.q_proj', 'model.language_model.layers.27.self_attn.v_proj', 'model.language_model.layers.28.self_attn.q_proj', 'model.language_model.layers.28.self_attn.v_proj', 'model.language_model.layers.29.self_attn.q_proj', 'model.language_model.layers.29.self_attn.v_proj', 'model.language_model.layers.30.self_attn.q_proj', 'model.language_model.layers.30.self_attn.v_proj', 'model.language_model.layers.31.self_attn.q_proj', 'model.language_model.layers.31.self_attn.v_proj', 'model.language_model.layers.32.self_attn.q_proj', 'model.language_model.layers.32.self_attn.v_proj', 'model.language_model.layers.33.self_attn.q_proj', 'model.language_model.layers.33.self_attn.v_proj', 'model.language_model.layers.34.self_attn.q_proj', 'model.language_model.layers.34.self_attn.v_proj']",4919,13.289498564720153,53.3,0.06,14162.6,0.3972,0.1374,0.8681,0.2243,,,
main,gemma4-e2b,vqa_rad,42,,16,"['model.language_model.layers.0.self_attn.q_proj', 'model.language_model.layers.0.self_attn.v_proj', 'model.language_model.layers.1.self_attn.q_proj', 'model.language_model.layers.1.self_attn.v_proj', 'model.language_model.layers.2.self_attn.q_proj', 'model.language_model.layers.2.self_attn.v_proj', 'model.language_model.layers.3.self_attn.q_proj', 'model.language_model.layers.3.self_attn.v_proj', 'model.language_model.layers.4.self_attn.q_proj', 'model.language_model.layers.4.self_attn.v_proj', 'model.language_model.layers.5.self_attn.q_proj', 'model.language_model.layers.5.self_attn.v_proj', 'model.language_model.layers.6.self_attn.q_proj', 'model.language_model.layers.6.self_attn.v_proj', 'model.language_model.layers.7.self_attn.q_proj', 'model.language_model.layers.7.self_attn.v_proj', 'model.language_model.layers.8.self_attn.q_proj', 'model.language_model.layers.8.self_attn.v_proj', 'model.language_model.layers.9.self_attn.q_proj', 'model.language_model.layers.9.self_attn.v_proj', 'model.language_model.layers.10.self_attn.q_proj', 'model.language_model.layers.10.self_attn.v_proj', 'model.language_model.layers.11.self_attn.q_proj', 'model.language_model.layers.11.self_attn.v_proj', 'model.language_model.layers.12.self_attn.q_proj', 'model.language_model.layers.12.self_attn.v_proj', 'model.language_model.layers.13.self_attn.q_proj', 'model.language_model.layers.13.self_attn.v_proj', 'model.language_model.layers.14.self_attn.q_proj', 'model.language_model.layers.14.self_attn.v_proj', 'model.language_model.layers.15.self_attn.q_proj', 'model.language_model.layers.15.self_attn.v_proj', 'model.language_model.layers.16.self_attn.q_proj', 'model.language_model.layers.16.self_attn.v_proj', 'model.language_model.layers.17.self_attn.q_proj', 'model.language_model.layers.17.self_attn.v_proj', 'model.language_model.layers.18.self_attn.q_proj', 'model.language_model.layers.18.self_attn.v_proj', 'model.language_model.layers.19.self_attn.q_proj', 'model.language_model.layers.19.self_attn.v_proj', 'model.language_model.layers.20.self_attn.q_proj', 'model.language_model.layers.20.self_attn.v_proj', 'model.language_model.layers.21.self_attn.q_proj', 'model.language_model.layers.21.self_attn.v_proj', 'model.language_model.layers.22.self_attn.q_proj', 'model.language_model.layers.22.self_attn.v_proj', 'model.language_model.layers.23.self_attn.q_proj', 'model.language_model.layers.23.self_attn.v_proj', 'model.language_model.layers.24.self_attn.q_proj', 'model.language_model.layers.24.self_attn.v_proj', 'model.language_model.layers.25.self_attn.q_proj', 'model.language_model.layers.25.self_attn.v_proj', 'model.language_model.layers.26.self_attn.q_proj', 'model.language_model.layers.26.self_attn.v_proj', 'model.language_model.layers.27.self_attn.q_proj', 'model.language_model.layers.27.self_attn.v_proj', 'model.language_model.layers.28.self_attn.q_proj', 'model.language_model.layers.28.self_attn.v_proj', 'model.language_model.layers.29.self_attn.q_proj', 'model.language_model.layers.29.self_attn.v_proj', 'model.language_model.layers.30.self_attn.q_proj', 'model.language_model.layers.30.self_attn.v_proj', 'model.language_model.layers.31.self_attn.q_proj', 'model.language_model.layers.31.self_attn.v_proj', 'model.language_model.layers.32.self_attn.q_proj', 'model.language_model.layers.32.self_attn.v_proj', 'model.language_model.layers.33.self_attn.q_proj', 'model.language_model.layers.33.self_attn.v_proj', 'model.language_model.layers.34.self_attn.q_proj', 'model.language_model.layers.34.self_attn.v_proj']",1614,13.896786302566529,50.6,0.06,14332.9,0.4104,0.145,0.8436,0.2927,,,
main,gemma4-e2b,vqa_rad,123,,16,"['model.language_model.layers.0.self_attn.q_proj', 'model.language_model.layers.0.self_attn.v_proj', 'model.language_model.layers.1.self_attn.q_proj', 'model.language_model.layers.1.self_attn.v_proj', 'model.language_model.layers.2.self_attn.q_proj', 'model.language_model.layers.2.self_attn.v_proj', 'model.language_model.layers.3.self_attn.q_proj', 'model.language_model.layers.3.self_attn.v_proj', 'model.language_model.layers.4.self_attn.q_proj', 'model.language_model.layers.4.self_attn.v_proj', 'model.language_model.layers.5.self_attn.q_proj', 'model.language_model.layers.5.self_attn.v_proj', 'model.language_model.layers.6.self_attn.q_proj', 'model.language_model.layers.6.self_attn.v_proj', 'model.language_model.layers.7.self_attn.q_proj', 'model.language_model.layers.7.self_attn.v_proj', 'model.language_model.layers.8.self_attn.q_proj', 'model.language_model.layers.8.self_attn.v_proj', 'model.language_model.layers.9.self_attn.q_proj', 'model.language_model.layers.9.self_attn.v_proj', 'model.language_model.layers.10.self_attn.q_proj', 'model.language_model.layers.10.self_attn.v_proj', 'model.language_model.layers.11.self_attn.q_proj', 'model.language_model.layers.11.self_attn.v_proj', 'model.language_model.layers.12.self_attn.q_proj', 'model.language_model.layers.12.self_attn.v_proj', 'model.language_model.layers.13.self_attn.q_proj', 'model.language_model.layers.13.self_attn.v_proj', 'model.language_model.layers.14.self_attn.q_proj', 'model.language_model.layers.14.self_attn.v_proj', 'model.language_model.layers.15.self_attn.q_proj', 'model.language_model.layers.15.self_attn.v_proj', 'model.language_model.layers.16.self_attn.q_proj', 'model.language_model.layers.16.self_attn.v_proj', 'model.language_model.layers.17.self_attn.q_proj', 'model.language_model.layers.17.self_attn.v_proj', 'model.language_model.layers.18.self_attn.q_proj', 'model.language_model.layers.18.self_attn.v_proj', 'model.language_model.layers.19.self_attn.q_proj', 'model.language_model.layers.19.self_attn.v_proj', 'model.language_model.layers.20.self_attn.q_proj', 'model.language_model.layers.20.self_attn.v_proj', 'model.language_model.layers.21.self_attn.q_proj', 'model.language_model.layers.21.self_attn.v_proj', 'model.language_model.layers.22.self_attn.q_proj', 'model.language_model.layers.22.self_attn.v_proj', 'model.language_model.layers.23.self_attn.q_proj', 'model.language_model.layers.23.self_attn.v_proj', 'model.language_model.layers.24.self_attn.q_proj', 'model.language_model.layers.24.self_attn.v_proj', 'model.language_model.layers.25.self_attn.q_proj', 'model.language_model.layers.25.self_attn.v_proj', 'model.language_model.layers.26.self_attn.q_proj', 'model.language_model.layers.26.self_attn.v_proj', 'model.language_model.layers.27.self_attn.q_proj', 'model.language_model.layers.27.self_attn.v_proj', 'model.language_model.layers.28.self_attn.q_proj', 'model.language_model.layers.28.self_attn.v_proj', 'model.language_model.layers.29.self_attn.q_proj', 'model.language_model.layers.29.self_attn.v_proj', 'model.language_model.layers.30.self_attn.q_proj', 'model.language_model.layers.30.self_attn.v_proj', 'model.language_model.layers.31.self_attn.q_proj', 'model.language_model.layers.31.self_attn.v_proj', 'model.language_model.layers.32.self_attn.q_proj', 'model.language_model.layers.32.self_attn.v_proj', 'model.language_model.layers.33.self_attn.q_proj', 'model.language_model.layers.33.self_attn.v_proj', 'model.language_model.layers.34.self_attn.q_proj', 'model.language_model.layers.34.self_attn.v_proj']",1614,13.814292587280274,50.4,0.06,14332.9,0.4781,0.14,0.8506,0.3282,,,
main,gemma4-e2b,vqa_rad,456,,16,"['model.language_model.layers.0.self_attn.q_proj', 'model.language_model.layers.0.self_attn.v_proj', 'model.language_model.layers.1.self_attn.q_proj', 'model.language_model.layers.1.self_attn.v_proj', 'model.language_model.layers.2.self_attn.q_proj', 'model.language_model.layers.2.self_attn.v_proj', 'model.language_model.layers.3.self_attn.q_proj', 'model.language_model.layers.3.self_attn.v_proj', 'model.language_model.layers.4.self_attn.q_proj', 'model.language_model.layers.4.self_attn.v_proj', 'model.language_model.layers.5.self_attn.q_proj', 'model.language_model.layers.5.self_attn.v_proj', 'model.language_model.layers.6.self_attn.q_proj', 'model.language_model.layers.6.self_attn.v_proj', 'model.language_model.layers.7.self_attn.q_proj', 'model.language_model.layers.7.self_attn.v_proj', 'model.language_model.layers.8.self_attn.q_proj', 'model.language_model.layers.8.self_attn.v_proj', 'model.language_model.layers.9.self_attn.q_proj', 'model.language_model.layers.9.self_attn.v_proj', 'model.language_model.layers.10.self_attn.q_proj', 'model.language_model.layers.10.self_attn.v_proj', 'model.language_model.layers.11.self_attn.q_proj', 'model.language_model.layers.11.self_attn.v_proj', 'model.language_model.layers.12.self_attn.q_proj', 'model.language_model.layers.12.self_attn.v_proj', 'model.language_model.layers.13.self_attn.q_proj', 'model.language_model.layers.13.self_attn.v_proj', 'model.language_model.layers.14.self_attn.q_proj', 'model.language_model.layers.14.self_attn.v_proj', 'model.language_model.layers.15.self_attn.q_proj', 'model.language_model.layers.15.self_attn.v_proj', 'model.language_model.layers.16.self_attn.q_proj', 'model.language_model.layers.16.self_attn.v_proj', 'model.language_model.layers.17.self_attn.q_proj', 'model.language_model.layers.17.self_attn.v_proj', 'model.language_model.layers.18.self_attn.q_proj', 'model.language_model.layers.18.self_attn.v_proj', 'model.language_model.layers.19.self_attn.q_proj', 'model.language_model.layers.19.self_attn.v_proj', 'model.language_model.layers.20.self_attn.q_proj', 'model.language_model.layers.20.self_attn.v_proj', 'model.language_model.layers.21.self_attn.q_proj', 'model.language_model.layers.21.self_attn.v_proj', 'model.language_model.layers.22.self_attn.q_proj', 'model.language_model.layers.22.self_attn.v_proj', 'model.language_model.layers.23.self_attn.q_proj', 'model.language_model.layers.23.self_attn.v_proj', 'model.language_model.layers.24.self_attn.q_proj', 'model.language_model.layers.24.self_attn.v_proj', 'model.language_model.layers.25.self_attn.q_proj', 'model.language_model.layers.25.self_attn.v_proj', 'model.language_model.layers.26.self_attn.q_proj', 'model.language_model.layers.26.self_attn.v_proj', 'model.language_model.layers.27.self_attn.q_proj', 'model.language_model.layers.27.self_attn.v_proj', 'model.language_model.layers.28.self_attn.q_proj', 'model.language_model.layers.28.self_attn.v_proj', 'model.language_model.layers.29.self_attn.q_proj', 'model.language_model.layers.29.self_attn.v_proj', 'model.language_model.layers.30.self_attn.q_proj', 'model.language_model.layers.30.self_attn.v_proj', 'model.language_model.layers.31.self_attn.q_proj', 'model.language_model.layers.31.self_attn.v_proj', 'model.language_model.layers.32.self_attn.q_proj', 'model.language_model.layers.32.self_attn.v_proj', 'model.language_model.layers.33.self_attn.q_proj', 'model.language_model.layers.33.self_attn.v_proj', 'model.language_model.layers.34.self_attn.q_proj', 'model.language_model.layers.34.self_attn.v_proj']",1614,13.927994483947755,50.2,0.06,14332.9,0.2988,0.1,0.8334,0.2106,,,
main,qwen25-vl-3b,pathvqa,42,,16,"['q_proj', 'v_proj']",19654,0.7969410376548767,395.4,0.15,6162.5,0.8212,0.1367,0.8711,0.4792,,,
main,qwen25-vl-3b,pathvqa,123,,16,"['q_proj', 'v_proj']",19654,0.796634117603302,45.7,0.15,6162.5,0.8218,0.1367,0.8713,0.4795,,,
main,qwen25-vl-3b,pathvqa,456,,16,"['q_proj', 'v_proj']",19654,0.7960875630378723,45.5,0.15,6162.5,0.823,0.1394,0.871,0.4815,,,
main,qwen25-vl-3b,slake,42,,16,"['q_proj', 'v_proj']",4919,0.4629727289676666,48.1,0.15,5846.5,0.8113,0.6331,0.962,0.6927,,,
main,qwen25-vl-3b,slake,123,,16,"['q_proj', 'v_proj']",4919,0.46292485094070435,47.8,0.15,5846.5,0.8085,0.6388,0.963,0.6956,,,
main,qwen25-vl-3b,slake,456,,16,"['q_proj', 'v_proj']",4919,0.4624092812538147,47.2,0.15,5846.5,0.8056,0.6346,0.9615,0.6918,,,
main,qwen25-vl-3b,vqa_rad,42,,16,"['q_proj', 'v_proj']",1614,0.6415542845726013,72.1,0.15,6306.3,0.7729,0.27,0.9068,0.5499,,,
main,qwen25-vl-3b,vqa_rad,123,,16,"['q_proj', 'v_proj']",1614,0.6414407072067261,47.1,0.15,6306.3,0.7849,0.27,0.906,0.5565,,,
main,qwen25-vl-3b,vqa_rad,456,,16,"['q_proj', 'v_proj']",1614,0.6424208312034607,46.7,0.15,6306.3,0.7689,0.27,0.9069,0.5477,,,
main,qwen3-vl-2b,pathvqa,42,,16,"['q_proj', 'v_proj']",19654,0.7192531185150146,29.2,0.21,3884.4,0.8316,0.1716,0.8741,0.5019,,,
main,qwen3-vl-2b,pathvqa,123,,16,"['q_proj', 'v_proj']",19654,0.7190744094848632,29.1,0.21,3884.4,0.8316,0.1704,0.8741,0.5013,,,
main,qwen3-vl-2b,pathvqa,456,,16,"['q_proj', 'v_proj']",19654,0.7193887929916382,28.4,0.21,3884.4,0.8305,0.1725,0.8744,0.5017,,,
main,qwen3-vl-2b,slake,42,,16,"['q_proj', 'v_proj']",4919,0.3222827188968658,96.5,0.21,3667.4,0.8479,0.6728,0.9677,0.7314,,,
main,qwen3-vl-2b,slake,123,,16,"['q_proj', 'v_proj']",4919,0.32224440813064575,27.2,0.21,3667.4,0.8535,0.6643,0.9673,0.7276,,,
main,qwen3-vl-2b,slake,456,,16,"['q_proj', 'v_proj']",4919,0.3224944539070129,26.9,0.21,3667.4,0.8563,0.6714,0.9672,0.7333,,,
main,qwen3-vl-2b,vqa_rad,42,,16,"['q_proj', 'v_proj']",1614,0.553223801612854,28.0,0.21,4014.9,0.7331,0.26,0.9006,0.5233,,,
main,qwen3-vl-2b,vqa_rad,123,,16,"['q_proj', 'v_proj']",1614,0.5532897696495056,27.4,0.21,4014.9,0.7211,0.26,0.9003,0.5166,,,
main,qwen3-vl-2b,vqa_rad,456,,16,"['q_proj', 'v_proj']",1614,0.5533270263671874,27.8,0.21,4014.9,0.7331,0.26,0.8998,0.5233,,,
main,smolvlm2-2b,pathvqa,42,,16,"['model.vision_model.encoder.layers.0.self_attn.v_proj', 'model.vision_model.encoder.layers.0.self_attn.q_proj', 'model.vision_model.encoder.layers.1.self_attn.v_proj', 'model.vision_model.encoder.layers.1.self_attn.q_proj', 'model.vision_model.encoder.layers.2.self_attn.v_proj', 'model.vision_model.encoder.layers.2.self_attn.q_proj', 'model.vision_model.encoder.layers.3.self_attn.v_proj', 'model.vision_model.encoder.layers.3.self_attn.q_proj', 'model.vision_model.encoder.layers.4.self_attn.v_proj', 'model.vision_model.encoder.layers.4.self_attn.q_proj', 'model.vision_model.encoder.layers.5.self_attn.v_proj', 'model.vision_model.encoder.layers.5.self_attn.q_proj', 'model.vision_model.encoder.layers.6.self_attn.v_proj', 'model.vision_model.encoder.layers.6.self_attn.q_proj', 'model.vision_model.encoder.layers.7.self_attn.v_proj', 'model.vision_model.encoder.layers.7.self_attn.q_proj', 'model.vision_model.encoder.layers.8.self_attn.v_proj', 'model.vision_model.encoder.layers.8.self_attn.q_proj', 'model.vision_model.encoder.layers.9.self_attn.v_proj', 'model.vision_model.encoder.layers.9.self_attn.q_proj', 'model.vision_model.encoder.layers.10.self_attn.v_proj', 'model.vision_model.encoder.layers.10.self_attn.q_proj', 'model.vision_model.encoder.layers.11.self_attn.v_proj', 'model.vision_model.encoder.layers.11.self_attn.q_proj', 'model.vision_model.encoder.layers.12.self_attn.v_proj', 'model.vision_model.encoder.layers.12.self_attn.q_proj', 'model.vision_model.encoder.layers.13.self_attn.v_proj', 'model.vision_model.encoder.layers.13.self_attn.q_proj', 'model.vision_model.encoder.layers.14.self_attn.v_proj', 'model.vision_model.encoder.layers.14.self_attn.q_proj', 'model.vision_model.encoder.layers.15.self_attn.v_proj', 'model.vision_model.encoder.layers.15.self_attn.q_proj', 'model.vision_model.encoder.layers.16.self_attn.v_proj', 'model.vision_model.encoder.layers.16.self_attn.q_proj', 'model.vision_model.encoder.layers.17.self_attn.v_proj', 'model.vision_model.encoder.layers.17.self_attn.q_proj', 'model.vision_model.encoder.layers.18.self_attn.v_proj', 'model.vision_model.encoder.layers.18.self_attn.q_proj', 'model.vision_model.encoder.layers.19.self_attn.v_proj', 'model.vision_model.encoder.layers.19.self_attn.q_proj', 'model.vision_model.encoder.layers.20.self_attn.v_proj', 'model.vision_model.encoder.layers.20.self_attn.q_proj', 'model.vision_model.encoder.layers.21.self_attn.v_proj', 'model.vision_model.encoder.layers.21.self_attn.q_proj', 'model.vision_model.encoder.layers.22.self_attn.v_proj', 'model.vision_model.encoder.layers.22.self_attn.q_proj', 'model.vision_model.encoder.layers.23.self_attn.v_proj', 'model.vision_model.encoder.layers.23.self_attn.q_proj', 'model.vision_model.encoder.layers.24.self_attn.v_proj', 'model.vision_model.encoder.layers.24.self_attn.q_proj', 'model.vision_model.encoder.layers.25.self_attn.v_proj', 'model.vision_model.encoder.layers.25.self_attn.q_proj', 'model.vision_model.encoder.layers.26.self_attn.v_proj', 'model.vision_model.encoder.layers.26.self_attn.q_proj', 'model.text_model.layers.0.self_attn.q_proj', 'model.text_model.layers.0.self_attn.v_proj', 'model.text_model.layers.1.self_attn.q_proj', 'model.text_model.layers.1.self_attn.v_proj', 'model.text_model.layers.2.self_attn.q_proj', 'model.text_model.layers.2.self_attn.v_proj', 'model.text_model.layers.3.self_attn.q_proj', 'model.text_model.layers.3.self_attn.v_proj', 'model.text_model.layers.4.self_attn.q_proj', 'model.text_model.layers.4.self_attn.v_proj', 'model.text_model.layers.5.self_attn.q_proj', 'model.text_model.layers.5.self_attn.v_proj', 'model.text_model.layers.6.self_attn.q_proj', 'model.text_model.layers.6.self_attn.v_proj', 'model.text_model.layers.7.self_attn.q_proj', 'model.text_model.layers.7.self_attn.v_proj', 'model.text_model.layers.8.self_attn.q_proj', 'model.text_model.layers.8.self_attn.v_proj', 'model.text_model.layers.9.self_attn.q_proj', 'model.text_model.layers.9.self_attn.v_proj', 'model.text_model.layers.10.self_attn.q_proj', 'model.text_model.layers.10.self_attn.v_proj', 'model.text_model.layers.11.self_attn.q_proj', 'model.text_model.layers.11.self_attn.v_proj', 'model.text_model.layers.12.self_attn.q_proj', 'model.text_model.layers.12.self_attn.v_proj', 'model.text_model.layers.13.self_attn.q_proj', 'model.text_model.layers.13.self_attn.v_proj', 'model.text_model.layers.14.self_attn.q_proj', 'model.text_model.layers.14.self_attn.v_proj', 'model.text_model.layers.15.self_attn.q_proj', 'model.text_model.layers.15.self_attn.v_proj', 'model.text_model.layers.16.self_attn.q_proj', 'model.text_model.layers.16.self_attn.v_proj', 'model.text_model.layers.17.self_attn.q_proj', 'model.text_model.layers.17.self_attn.v_proj', 'model.text_model.layers.18.self_attn.q_proj', 'model.text_model.layers.18.self_attn.v_proj', 'model.text_model.layers.19.self_attn.q_proj', 'model.text_model.layers.19.self_attn.v_proj', 'model.text_model.layers.20.self_attn.q_proj', 'model.text_model.layers.20.self_attn.v_proj', 'model.text_model.layers.21.self_attn.q_proj', 'model.text_model.layers.21.self_attn.v_proj', 'model.text_model.layers.22.self_attn.q_proj', 'model.text_model.layers.22.self_attn.v_proj', 'model.text_model.layers.23.self_attn.q_proj', 'model.text_model.layers.23.self_attn.v_proj']",19654,0.8929940256476402,96.7,0.23,7855.2,0.5764,0.0197,0.8529,0.2983,,,
main,smolvlm2-2b,pathvqa,123,,16,"['model.vision_model.encoder.layers.0.self_attn.v_proj', 'model.vision_model.encoder.layers.0.self_attn.q_proj', 'model.vision_model.encoder.layers.1.self_attn.v_proj', 'model.vision_model.encoder.layers.1.self_attn.q_proj', 'model.vision_model.encoder.layers.2.self_attn.v_proj', 'model.vision_model.encoder.layers.2.self_attn.q_proj', 'model.vision_model.encoder.layers.3.self_attn.v_proj', 'model.vision_model.encoder.layers.3.self_attn.q_proj', 'model.vision_model.encoder.layers.4.self_attn.v_proj', 'model.vision_model.encoder.layers.4.self_attn.q_proj', 'model.vision_model.encoder.layers.5.self_attn.v_proj', 'model.vision_model.encoder.layers.5.self_attn.q_proj', 'model.vision_model.encoder.layers.6.self_attn.v_proj', 'model.vision_model.encoder.layers.6.self_attn.q_proj', 'model.vision_model.encoder.layers.7.self_attn.v_proj', 'model.vision_model.encoder.layers.7.self_attn.q_proj', 'model.vision_model.encoder.layers.8.self_attn.v_proj', 'model.vision_model.encoder.layers.8.self_attn.q_proj', 'model.vision_model.encoder.layers.9.self_attn.v_proj', 'model.vision_model.encoder.layers.9.self_attn.q_proj', 'model.vision_model.encoder.layers.10.self_attn.v_proj', 'model.vision_model.encoder.layers.10.self_attn.q_proj', 'model.vision_model.encoder.layers.11.self_attn.v_proj', 'model.vision_model.encoder.layers.11.self_attn.q_proj', 'model.vision_model.encoder.layers.12.self_attn.v_proj', 'model.vision_model.encoder.layers.12.self_attn.q_proj', 'model.vision_model.encoder.layers.13.self_attn.v_proj', 'model.vision_model.encoder.layers.13.self_attn.q_proj', 'model.vision_model.encoder.layers.14.self_attn.v_proj', 'model.vision_model.encoder.layers.14.self_attn.q_proj', 'model.vision_model.encoder.layers.15.self_attn.v_proj', 'model.vision_model.encoder.layers.15.self_attn.q_proj', 'model.vision_model.encoder.layers.16.self_attn.v_proj', 'model.vision_model.encoder.layers.16.self_attn.q_proj', 'model.vision_model.encoder.layers.17.self_attn.v_proj', 'model.vision_model.encoder.layers.17.self_attn.q_proj', 'model.vision_model.encoder.layers.18.self_attn.v_proj', 'model.vision_model.encoder.layers.18.self_attn.q_proj', 'model.vision_model.encoder.layers.19.self_attn.v_proj', 'model.vision_model.encoder.layers.19.self_attn.q_proj', 'model.vision_model.encoder.layers.20.self_attn.v_proj', 'model.vision_model.encoder.layers.20.self_attn.q_proj', 'model.vision_model.encoder.layers.21.self_attn.v_proj', 'model.vision_model.encoder.layers.21.self_attn.q_proj', 'model.vision_model.encoder.layers.22.self_attn.v_proj', 'model.vision_model.encoder.layers.22.self_attn.q_proj', 'model.vision_model.encoder.layers.23.self_attn.v_proj', 'model.vision_model.encoder.layers.23.self_attn.q_proj', 'model.vision_model.encoder.layers.24.self_attn.v_proj', 'model.vision_model.encoder.layers.24.self_attn.q_proj', 'model.vision_model.encoder.layers.25.self_attn.v_proj', 'model.vision_model.encoder.layers.25.self_attn.q_proj', 'model.vision_model.encoder.layers.26.self_attn.v_proj', 'model.vision_model.encoder.layers.26.self_attn.q_proj', 'model.text_model.layers.0.self_attn.q_proj', 'model.text_model.layers.0.self_attn.v_proj', 'model.text_model.layers.1.self_attn.q_proj', 'model.text_model.layers.1.self_attn.v_proj', 'model.text_model.layers.2.self_attn.q_proj', 'model.text_model.layers.2.self_attn.v_proj', 'model.text_model.layers.3.self_attn.q_proj', 'model.text_model.layers.3.self_attn.v_proj', 'model.text_model.layers.4.self_attn.q_proj', 'model.text_model.layers.4.self_attn.v_proj', 'model.text_model.layers.5.self_attn.q_proj', 'model.text_model.layers.5.self_attn.v_proj', 'model.text_model.layers.6.self_attn.q_proj', 'model.text_model.layers.6.self_attn.v_proj', 'model.text_model.layers.7.self_attn.q_proj', 'model.text_model.layers.7.self_attn.v_proj', 'model.text_model.layers.8.self_attn.q_proj', 'model.text_model.layers.8.self_attn.v_proj', 'model.text_model.layers.9.self_attn.q_proj', 'model.text_model.layers.9.self_attn.v_proj', 'model.text_model.layers.10.self_attn.q_proj', 'model.text_model.layers.10.self_attn.v_proj', 'model.text_model.layers.11.self_attn.q_proj', 'model.text_model.layers.11.self_attn.v_proj', 'model.text_model.layers.12.self_attn.q_proj', 'model.text_model.layers.12.self_attn.v_proj', 'model.text_model.layers.13.self_attn.q_proj', 'model.text_model.layers.13.self_attn.v_proj', 'model.text_model.layers.14.self_attn.q_proj', 'model.text_model.layers.14.self_attn.v_proj', 'model.text_model.layers.15.self_attn.q_proj', 'model.text_model.layers.15.self_attn.v_proj', 'model.text_model.layers.16.self_attn.q_proj', 'model.text_model.layers.16.self_attn.v_proj', 'model.text_model.layers.17.self_attn.q_proj', 'model.text_model.layers.17.self_attn.v_proj', 'model.text_model.layers.18.self_attn.q_proj', 'model.text_model.layers.18.self_attn.v_proj', 'model.text_model.layers.19.self_attn.q_proj', 'model.text_model.layers.19.self_attn.v_proj', 'model.text_model.layers.20.self_attn.q_proj', 'model.text_model.layers.20.self_attn.v_proj', 'model.text_model.layers.21.self_attn.q_proj', 'model.text_model.layers.21.self_attn.v_proj', 'model.text_model.layers.22.self_attn.q_proj', 'model.text_model.layers.22.self_attn.v_proj', 'model.text_model.layers.23.self_attn.q_proj', 'model.text_model.layers.23.self_attn.v_proj']",19654,0.890367395222187,96.0,0.23,7844.0,0.5681,0.0182,0.8526,0.2933,,,
main,smolvlm2-2b,pathvqa,456,,16,"['model.vision_model.encoder.layers.0.self_attn.v_proj', 'model.vision_model.encoder.layers.0.self_attn.q_proj', 'model.vision_model.encoder.layers.1.self_attn.v_proj', 'model.vision_model.encoder.layers.1.self_attn.q_proj', 'model.vision_model.encoder.layers.2.self_attn.v_proj', 'model.vision_model.encoder.layers.2.self_attn.q_proj', 'model.vision_model.encoder.layers.3.self_attn.v_proj', 'model.vision_model.encoder.layers.3.self_attn.q_proj', 'model.vision_model.encoder.layers.4.self_attn.v_proj', 'model.vision_model.encoder.layers.4.self_attn.q_proj', 'model.vision_model.encoder.layers.5.self_attn.v_proj', 'model.vision_model.encoder.layers.5.self_attn.q_proj', 'model.vision_model.encoder.layers.6.self_attn.v_proj', 'model.vision_model.encoder.layers.6.self_attn.q_proj', 'model.vision_model.encoder.layers.7.self_attn.v_proj', 'model.vision_model.encoder.layers.7.self_attn.q_proj', 'model.vision_model.encoder.layers.8.self_attn.v_proj', 'model.vision_model.encoder.layers.8.self_attn.q_proj', 'model.vision_model.encoder.layers.9.self_attn.v_proj', 'model.vision_model.encoder.layers.9.self_attn.q_proj', 'model.vision_model.encoder.layers.10.self_attn.v_proj', 'model.vision_model.encoder.layers.10.self_attn.q_proj', 'model.vision_model.encoder.layers.11.self_attn.v_proj', 'model.vision_model.encoder.layers.11.self_attn.q_proj', 'model.vision_model.encoder.layers.12.self_attn.v_proj', 'model.vision_model.encoder.layers.12.self_attn.q_proj', 'model.vision_model.encoder.layers.13.self_attn.v_proj', 'model.vision_model.encoder.layers.13.self_attn.q_proj', 'model.vision_model.encoder.layers.14.self_attn.v_proj', 'model.vision_model.encoder.layers.14.self_attn.q_proj', 'model.vision_model.encoder.layers.15.self_attn.v_proj', 'model.vision_model.encoder.layers.15.self_attn.q_proj', 'model.vision_model.encoder.layers.16.self_attn.v_proj', 'model.vision_model.encoder.layers.16.self_attn.q_proj', 'model.vision_model.encoder.layers.17.self_attn.v_proj', 'model.vision_model.encoder.layers.17.self_attn.q_proj', 'model.vision_model.encoder.layers.18.self_attn.v_proj', 'model.vision_model.encoder.layers.18.self_attn.q_proj', 'model.vision_model.encoder.layers.19.self_attn.v_proj', 'model.vision_model.encoder.layers.19.self_attn.q_proj', 'model.vision_model.encoder.layers.20.self_attn.v_proj', 'model.vision_model.encoder.layers.20.self_attn.q_proj', 'model.vision_model.encoder.layers.21.self_attn.v_proj', 'model.vision_model.encoder.layers.21.self_attn.q_proj', 'model.vision_model.encoder.layers.22.self_attn.v_proj', 'model.vision_model.encoder.layers.22.self_attn.q_proj', 'model.vision_model.encoder.layers.23.self_attn.v_proj', 'model.vision_model.encoder.layers.23.self_attn.q_proj', 'model.vision_model.encoder.layers.24.self_attn.v_proj', 'model.vision_model.encoder.layers.24.self_attn.q_proj', 'model.vision_model.encoder.layers.25.self_attn.v_proj', 'model.vision_model.encoder.layers.25.self_attn.q_proj', 'model.vision_model.encoder.layers.26.self_attn.v_proj', 'model.vision_model.encoder.layers.26.self_attn.q_proj', 'model.text_model.layers.0.self_attn.q_proj', 'model.text_model.layers.0.self_attn.v_proj', 'model.text_model.layers.1.self_attn.q_proj', 'model.text_model.layers.1.self_attn.v_proj', 'model.text_model.layers.2.self_attn.q_proj', 'model.text_model.layers.2.self_attn.v_proj', 'model.text_model.layers.3.self_attn.q_proj', 'model.text_model.layers.3.self_attn.v_proj', 'model.text_model.layers.4.self_attn.q_proj', 'model.text_model.layers.4.self_attn.v_proj', 'model.text_model.layers.5.self_attn.q_proj', 'model.text_model.layers.5.self_attn.v_proj', 'model.text_model.layers.6.self_attn.q_proj', 'model.text_model.layers.6.self_attn.v_proj', 'model.text_model.layers.7.self_attn.q_proj', 'model.text_model.layers.7.self_attn.v_proj', 'model.text_model.layers.8.self_attn.q_proj', 'model.text_model.layers.8.self_attn.v_proj', 'model.text_model.layers.9.self_attn.q_proj', 'model.text_model.layers.9.self_attn.v_proj', 'model.text_model.layers.10.self_attn.q_proj', 'model.text_model.layers.10.self_attn.v_proj', 'model.text_model.layers.11.self_attn.q_proj', 'model.text_model.layers.11.self_attn.v_proj', 'model.text_model.layers.12.self_attn.q_proj', 'model.text_model.layers.12.self_attn.v_proj', 'model.text_model.layers.13.self_attn.q_proj', 'model.text_model.layers.13.self_attn.v_proj', 'model.text_model.layers.14.self_attn.q_proj', 'model.text_model.layers.14.self_attn.v_proj', 'model.text_model.layers.15.self_attn.q_proj', 'model.text_model.layers.15.self_attn.v_proj', 'model.text_model.layers.16.self_attn.q_proj', 'model.text_model.layers.16.self_attn.v_proj', 'model.text_model.layers.17.self_attn.q_proj', 'model.text_model.layers.17.self_attn.v_proj', 'model.text_model.layers.18.self_attn.q_proj', 'model.text_model.layers.18.self_attn.v_proj', 'model.text_model.layers.19.self_attn.q_proj', 'model.text_model.layers.19.self_attn.v_proj', 'model.text_model.layers.20.self_attn.q_proj', 'model.text_model.layers.20.self_attn.v_proj', 'model.text_model.layers.21.self_attn.q_proj', 'model.text_model.layers.21.self_attn.v_proj', 'model.text_model.layers.22.self_attn.q_proj', 'model.text_model.layers.22.self_attn.v_proj', 'model.text_model.layers.23.self_attn.q_proj', 'model.text_model.layers.23.self_attn.v_proj']",19654,0.8929239099621773,96.6,0.23,7832.7,0.5699,0.0211,0.8535,0.2957,,,
main,smolvlm2-2b,slake,42,,16,"['model.vision_model.encoder.layers.0.self_attn.v_proj', 'model.vision_model.encoder.layers.0.self_attn.q_proj', 'model.vision_model.encoder.layers.1.self_attn.v_proj', 'model.vision_model.encoder.layers.1.self_attn.q_proj', 'model.vision_model.encoder.layers.2.self_attn.v_proj', 'model.vision_model.encoder.layers.2.self_attn.q_proj', 'model.vision_model.encoder.layers.3.self_attn.v_proj', 'model.vision_model.encoder.layers.3.self_attn.q_proj', 'model.vision_model.encoder.layers.4.self_attn.v_proj', 'model.vision_model.encoder.layers.4.self_attn.q_proj', 'model.vision_model.encoder.layers.5.self_attn.v_proj', 'model.vision_model.encoder.layers.5.self_attn.q_proj', 'model.vision_model.encoder.layers.6.self_attn.v_proj', 'model.vision_model.encoder.layers.6.self_attn.q_proj', 'model.vision_model.encoder.layers.7.self_attn.v_proj', 'model.vision_model.encoder.layers.7.self_attn.q_proj', 'model.vision_model.encoder.layers.8.self_attn.v_proj', 'model.vision_model.encoder.layers.8.self_attn.q_proj', 'model.vision_model.encoder.layers.9.self_attn.v_proj', 'model.vision_model.encoder.layers.9.self_attn.q_proj', 'model.vision_model.encoder.layers.10.self_attn.v_proj', 'model.vision_model.encoder.layers.10.self_attn.q_proj', 'model.vision_model.encoder.layers.11.self_attn.v_proj', 'model.vision_model.encoder.layers.11.self_attn.q_proj', 'model.vision_model.encoder.layers.12.self_attn.v_proj', 'model.vision_model.encoder.layers.12.self_attn.q_proj', 'model.vision_model.encoder.layers.13.self_attn.v_proj', 'model.vision_model.encoder.layers.13.self_attn.q_proj', 'model.vision_model.encoder.layers.14.self_attn.v_proj', 'model.vision_model.encoder.layers.14.self_attn.q_proj', 'model.vision_model.encoder.layers.15.self_attn.v_proj', 'model.vision_model.encoder.layers.15.self_attn.q_proj', 'model.vision_model.encoder.layers.16.self_attn.v_proj', 'model.vision_model.encoder.layers.16.self_attn.q_proj', 'model.vision_model.encoder.layers.17.self_attn.v_proj', 'model.vision_model.encoder.layers.17.self_attn.q_proj', 'model.vision_model.encoder.layers.18.self_attn.v_proj', 'model.vision_model.encoder.layers.18.self_attn.q_proj', 'model.vision_model.encoder.layers.19.self_attn.v_proj', 'model.vision_model.encoder.layers.19.self_attn.q_proj', 'model.vision_model.encoder.layers.20.self_attn.v_proj', 'model.vision_model.encoder.layers.20.self_attn.q_proj', 'model.vision_model.encoder.layers.21.self_attn.v_proj', 'model.vision_model.encoder.layers.21.self_attn.q_proj', 'model.vision_model.encoder.layers.22.self_attn.v_proj', 'model.vision_model.encoder.layers.22.self_attn.q_proj', 'model.vision_model.encoder.layers.23.self_attn.v_proj', 'model.vision_model.encoder.layers.23.self_attn.q_proj', 'model.vision_model.encoder.layers.24.self_attn.v_proj', 'model.vision_model.encoder.layers.24.self_attn.q_proj', 'model.vision_model.encoder.layers.25.self_attn.v_proj', 'model.vision_model.encoder.layers.25.self_attn.q_proj', 'model.vision_model.encoder.layers.26.self_attn.v_proj', 'model.vision_model.encoder.layers.26.self_attn.q_proj', 'model.text_model.layers.0.self_attn.q_proj', 'model.text_model.layers.0.self_attn.v_proj', 'model.text_model.layers.1.self_attn.q_proj', 'model.text_model.layers.1.self_attn.v_proj', 'model.text_model.layers.2.self_attn.q_proj', 'model.text_model.layers.2.self_attn.v_proj', 'model.text_model.layers.3.self_attn.q_proj', 'model.text_model.layers.3.self_attn.v_proj', 'model.text_model.layers.4.self_attn.q_proj', 'model.text_model.layers.4.self_attn.v_proj', 'model.text_model.layers.5.self_attn.q_proj', 'model.text_model.layers.5.self_attn.v_proj', 'model.text_model.layers.6.self_attn.q_proj', 'model.text_model.layers.6.self_attn.v_proj', 'model.text_model.layers.7.self_attn.q_proj', 'model.text_model.layers.7.self_attn.v_proj', 'model.text_model.layers.8.self_attn.q_proj', 'model.text_model.layers.8.self_attn.v_proj', 'model.text_model.layers.9.self_attn.q_proj', 'model.text_model.layers.9.self_attn.v_proj', 'model.text_model.layers.10.self_attn.q_proj', 'model.text_model.layers.10.self_attn.v_proj', 'model.text_model.layers.11.self_attn.q_proj', 'model.text_model.layers.11.self_attn.v_proj', 'model.text_model.layers.12.self_attn.q_proj', 'model.text_model.layers.12.self_attn.v_proj', 'model.text_model.layers.13.self_attn.q_proj', 'model.text_model.layers.13.self_attn.v_proj', 'model.text_model.layers.14.self_attn.q_proj', 'model.text_model.layers.14.self_attn.v_proj', 'model.text_model.layers.15.self_attn.q_proj', 'model.text_model.layers.15.self_attn.v_proj', 'model.text_model.layers.16.self_attn.q_proj', 'model.text_model.layers.16.self_attn.v_proj', 'model.text_model.layers.17.self_attn.q_proj', 'model.text_model.layers.17.self_attn.v_proj', 'model.text_model.layers.18.self_attn.q_proj', 'model.text_model.layers.18.self_attn.v_proj', 'model.text_model.layers.19.self_attn.q_proj', 'model.text_model.layers.19.self_attn.v_proj', 'model.text_model.layers.20.self_attn.q_proj', 'model.text_model.layers.20.self_attn.v_proj', 'model.text_model.layers.21.self_attn.q_proj', 'model.text_model.layers.21.self_attn.v_proj', 'model.text_model.layers.22.self_attn.q_proj', 'model.text_model.layers.22.self_attn.v_proj', 'model.text_model.layers.23.self_attn.q_proj', 'model.text_model.layers.23.self_attn.v_proj']",4919,0.8846748872995377,118.5,0.23,7943.1,0.6648,0.3357,0.906,0.4458,,,
main,smolvlm2-2b,slake,123,,16,"['model.vision_model.encoder.layers.0.self_attn.v_proj', 'model.vision_model.encoder.layers.0.self_attn.q_proj', 'model.vision_model.encoder.layers.1.self_attn.v_proj', 'model.vision_model.encoder.layers.1.self_attn.q_proj', 'model.vision_model.encoder.layers.2.self_attn.v_proj', 'model.vision_model.encoder.layers.2.self_attn.q_proj', 'model.vision_model.encoder.layers.3.self_attn.v_proj', 'model.vision_model.encoder.layers.3.self_attn.q_proj', 'model.vision_model.encoder.layers.4.self_attn.v_proj', 'model.vision_model.encoder.layers.4.self_attn.q_proj', 'model.vision_model.encoder.layers.5.self_attn.v_proj', 'model.vision_model.encoder.layers.5.self_attn.q_proj', 'model.vision_model.encoder.layers.6.self_attn.v_proj', 'model.vision_model.encoder.layers.6.self_attn.q_proj', 'model.vision_model.encoder.layers.7.self_attn.v_proj', 'model.vision_model.encoder.layers.7.self_attn.q_proj', 'model.vision_model.encoder.layers.8.self_attn.v_proj', 'model.vision_model.encoder.layers.8.self_attn.q_proj', 'model.vision_model.encoder.layers.9.self_attn.v_proj', 'model.vision_model.encoder.layers.9.self_attn.q_proj', 'model.vision_model.encoder.layers.10.self_attn.v_proj', 'model.vision_model.encoder.layers.10.self_attn.q_proj', 'model.vision_model.encoder.layers.11.self_attn.v_proj', 'model.vision_model.encoder.layers.11.self_attn.q_proj', 'model.vision_model.encoder.layers.12.self_attn.v_proj', 'model.vision_model.encoder.layers.12.self_attn.q_proj', 'model.vision_model.encoder.layers.13.self_attn.v_proj', 'model.vision_model.encoder.layers.13.self_attn.q_proj', 'model.vision_model.encoder.layers.14.self_attn.v_proj', 'model.vision_model.encoder.layers.14.self_attn.q_proj', 'model.vision_model.encoder.layers.15.self_attn.v_proj', 'model.vision_model.encoder.layers.15.self_attn.q_proj', 'model.vision_model.encoder.layers.16.self_attn.v_proj', 'model.vision_model.encoder.layers.16.self_attn.q_proj', 'model.vision_model.encoder.layers.17.self_attn.v_proj', 'model.vision_model.encoder.layers.17.self_attn.q_proj', 'model.vision_model.encoder.layers.18.self_attn.v_proj', 'model.vision_model.encoder.layers.18.self_attn.q_proj', 'model.vision_model.encoder.layers.19.self_attn.v_proj', 'model.vision_model.encoder.layers.19.self_attn.q_proj', 'model.vision_model.encoder.layers.20.self_attn.v_proj', 'model.vision_model.encoder.layers.20.self_attn.q_proj', 'model.vision_model.encoder.layers.21.self_attn.v_proj', 'model.vision_model.encoder.layers.21.self_attn.q_proj', 'model.vision_model.encoder.layers.22.self_attn.v_proj', 'model.vision_model.encoder.layers.22.self_attn.q_proj', 'model.vision_model.encoder.layers.23.self_attn.v_proj', 'model.vision_model.encoder.layers.23.self_attn.q_proj', 'model.vision_model.encoder.layers.24.self_attn.v_proj', 'model.vision_model.encoder.layers.24.self_attn.q_proj', 'model.vision_model.encoder.layers.25.self_attn.v_proj', 'model.vision_model.encoder.layers.25.self_attn.q_proj', 'model.vision_model.encoder.layers.26.self_attn.v_proj', 'model.vision_model.encoder.layers.26.self_attn.q_proj', 'model.text_model.layers.0.self_attn.q_proj', 'model.text_model.layers.0.self_attn.v_proj', 'model.text_model.layers.1.self_attn.q_proj', 'model.text_model.layers.1.self_attn.v_proj', 'model.text_model.layers.2.self_attn.q_proj', 'model.text_model.layers.2.self_attn.v_proj', 'model.text_model.layers.3.self_attn.q_proj', 'model.text_model.layers.3.self_attn.v_proj', 'model.text_model.layers.4.self_attn.q_proj', 'model.text_model.layers.4.self_attn.v_proj', 'model.text_model.layers.5.self_attn.q_proj', 'model.text_model.layers.5.self_attn.v_proj', 'model.text_model.layers.6.self_attn.q_proj', 'model.text_model.layers.6.self_attn.v_proj', 'model.text_model.layers.7.self_attn.q_proj', 'model.text_model.layers.7.self_attn.v_proj', 'model.text_model.layers.8.self_attn.q_proj', 'model.text_model.layers.8.self_attn.v_proj', 'model.text_model.layers.9.self_attn.q_proj', 'model.text_model.layers.9.self_attn.v_proj', 'model.text_model.layers.10.self_attn.q_proj', 'model.text_model.layers.10.self_attn.v_proj', 'model.text_model.layers.11.self_attn.q_proj', 'model.text_model.layers.11.self_attn.v_proj', 'model.text_model.layers.12.self_attn.q_proj', 'model.text_model.layers.12.self_attn.v_proj', 'model.text_model.layers.13.self_attn.q_proj', 'model.text_model.layers.13.self_attn.v_proj', 'model.text_model.layers.14.self_attn.q_proj', 'model.text_model.layers.14.self_attn.v_proj', 'model.text_model.layers.15.self_attn.q_proj', 'model.text_model.layers.15.self_attn.v_proj', 'model.text_model.layers.16.self_attn.q_proj', 'model.text_model.layers.16.self_attn.v_proj', 'model.text_model.layers.17.self_attn.q_proj', 'model.text_model.layers.17.self_attn.v_proj', 'model.text_model.layers.18.self_attn.q_proj', 'model.text_model.layers.18.self_attn.v_proj', 'model.text_model.layers.19.self_attn.q_proj', 'model.text_model.layers.19.self_attn.v_proj', 'model.text_model.layers.20.self_attn.q_proj', 'model.text_model.layers.20.self_attn.v_proj', 'model.text_model.layers.21.self_attn.q_proj', 'model.text_model.layers.21.self_attn.v_proj', 'model.text_model.layers.22.self_attn.q_proj', 'model.text_model.layers.22.self_attn.v_proj', 'model.text_model.layers.23.self_attn.q_proj', 'model.text_model.layers.23.self_attn.v_proj']",4919,0.8881623368263245,118.4,0.23,7943.1,0.6479,0.3343,0.9045,0.4392,,,
main,smolvlm2-2b,slake,456,,16,"['model.vision_model.encoder.layers.0.self_attn.v_proj', 'model.vision_model.encoder.layers.0.self_attn.q_proj', 'model.vision_model.encoder.layers.1.self_attn.v_proj', 'model.vision_model.encoder.layers.1.self_attn.q_proj', 'model.vision_model.encoder.layers.2.self_attn.v_proj', 'model.vision_model.encoder.layers.2.self_attn.q_proj', 'model.vision_model.encoder.layers.3.self_attn.v_proj', 'model.vision_model.encoder.layers.3.self_attn.q_proj', 'model.vision_model.encoder.layers.4.self_attn.v_proj', 'model.vision_model.encoder.layers.4.self_attn.q_proj', 'model.vision_model.encoder.layers.5.self_attn.v_proj', 'model.vision_model.encoder.layers.5.self_attn.q_proj', 'model.vision_model.encoder.layers.6.self_attn.v_proj', 'model.vision_model.encoder.layers.6.self_attn.q_proj', 'model.vision_model.encoder.layers.7.self_attn.v_proj', 'model.vision_model.encoder.layers.7.self_attn.q_proj', 'model.vision_model.encoder.layers.8.self_attn.v_proj', 'model.vision_model.encoder.layers.8.self_attn.q_proj', 'model.vision_model.encoder.layers.9.self_attn.v_proj', 'model.vision_model.encoder.layers.9.self_attn.q_proj', 'model.vision_model.encoder.layers.10.self_attn.v_proj', 'model.vision_model.encoder.layers.10.self_attn.q_proj', 'model.vision_model.encoder.layers.11.self_attn.v_proj', 'model.vision_model.encoder.layers.11.self_attn.q_proj', 'model.vision_model.encoder.layers.12.self_attn.v_proj', 'model.vision_model.encoder.layers.12.self_attn.q_proj', 'model.vision_model.encoder.layers.13.self_attn.v_proj', 'model.vision_model.encoder.layers.13.self_attn.q_proj', 'model.vision_model.encoder.layers.14.self_attn.v_proj', 'model.vision_model.encoder.layers.14.self_attn.q_proj', 'model.vision_model.encoder.layers.15.self_attn.v_proj', 'model.vision_model.encoder.layers.15.self_attn.q_proj', 'model.vision_model.encoder.layers.16.self_attn.v_proj', 'model.vision_model.encoder.layers.16.self_attn.q_proj', 'model.vision_model.encoder.layers.17.self_attn.v_proj', 'model.vision_model.encoder.layers.17.self_attn.q_proj', 'model.vision_model.encoder.layers.18.self_attn.v_proj', 'model.vision_model.encoder.layers.18.self_attn.q_proj', 'model.vision_model.encoder.layers.19.self_attn.v_proj', 'model.vision_model.encoder.layers.19.self_attn.q_proj', 'model.vision_model.encoder.layers.20.self_attn.v_proj', 'model.vision_model.encoder.layers.20.self_attn.q_proj', 'model.vision_model.encoder.layers.21.self_attn.v_proj', 'model.vision_model.encoder.layers.21.self_attn.q_proj', 'model.vision_model.encoder.layers.22.self_attn.v_proj', 'model.vision_model.encoder.layers.22.self_attn.q_proj', 'model.vision_model.encoder.layers.23.self_attn.v_proj', 'model.vision_model.encoder.layers.23.self_attn.q_proj', 'model.vision_model.encoder.layers.24.self_attn.v_proj', 'model.vision_model.encoder.layers.24.self_attn.q_proj', 'model.vision_model.encoder.layers.25.self_attn.v_proj', 'model.vision_model.encoder.layers.25.self_attn.q_proj', 'model.vision_model.encoder.layers.26.self_attn.v_proj', 'model.vision_model.encoder.layers.26.self_attn.q_proj', 'model.text_model.layers.0.self_attn.q_proj', 'model.text_model.layers.0.self_attn.v_proj', 'model.text_model.layers.1.self_attn.q_proj', 'model.text_model.layers.1.self_attn.v_proj', 'model.text_model.layers.2.self_attn.q_proj', 'model.text_model.layers.2.self_attn.v_proj', 'model.text_model.layers.3.self_attn.q_proj', 'model.text_model.layers.3.self_attn.v_proj', 'model.text_model.layers.4.self_attn.q_proj', 'model.text_model.layers.4.self_attn.v_proj', 'model.text_model.layers.5.self_attn.q_proj', 'model.text_model.layers.5.self_attn.v_proj', 'model.text_model.layers.6.self_attn.q_proj', 'model.text_model.layers.6.self_attn.v_proj', 'model.text_model.layers.7.self_attn.q_proj', 'model.text_model.layers.7.self_attn.v_proj', 'model.text_model.layers.8.self_attn.q_proj', 'model.text_model.layers.8.self_attn.v_proj', 'model.text_model.layers.9.self_attn.q_proj', 'model.text_model.layers.9.self_attn.v_proj', 'model.text_model.layers.10.self_attn.q_proj', 'model.text_model.layers.10.self_attn.v_proj', 'model.text_model.layers.11.self_attn.q_proj', 'model.text_model.layers.11.self_attn.v_proj', 'model.text_model.layers.12.self_attn.q_proj', 'model.text_model.layers.12.self_attn.v_proj', 'model.text_model.layers.13.self_attn.q_proj', 'model.text_model.layers.13.self_attn.v_proj', 'model.text_model.layers.14.self_attn.q_proj', 'model.text_model.layers.14.self_attn.v_proj', 'model.text_model.layers.15.self_attn.q_proj', 'model.text_model.layers.15.self_attn.v_proj', 'model.text_model.layers.16.self_attn.q_proj', 'model.text_model.layers.16.self_attn.v_proj', 'model.text_model.layers.17.self_attn.q_proj', 'model.text_model.layers.17.self_attn.v_proj', 'model.text_model.layers.18.self_attn.q_proj', 'model.text_model.layers.18.self_attn.v_proj', 'model.text_model.layers.19.self_attn.q_proj', 'model.text_model.layers.19.self_attn.v_proj', 'model.text_model.layers.20.self_attn.q_proj', 'model.text_model.layers.20.self_attn.v_proj', 'model.text_model.layers.21.self_attn.q_proj', 'model.text_model.layers.21.self_attn.v_proj', 'model.text_model.layers.22.self_attn.q_proj', 'model.text_model.layers.22.self_attn.v_proj', 'model.text_model.layers.23.self_attn.q_proj', 'model.text_model.layers.23.self_attn.v_proj']",4919,0.8895376424193382,118.3,0.23,7943.1,0.6563,0.3329,0.9041,0.4411,,,
main,smolvlm2-2b,vqa_rad,42,,16,"['model.vision_model.encoder.layers.0.self_attn.v_proj', 'model.vision_model.encoder.layers.0.self_attn.q_proj', 'model.vision_model.encoder.layers.1.self_attn.v_proj', 'model.vision_model.encoder.layers.1.self_attn.q_proj', 'model.vision_model.encoder.layers.2.self_attn.v_proj', 'model.vision_model.encoder.layers.2.self_attn.q_proj', 'model.vision_model.encoder.layers.3.self_attn.v_proj', 'model.vision_model.encoder.layers.3.self_attn.q_proj', 'model.vision_model.encoder.layers.4.self_attn.v_proj', 'model.vision_model.encoder.layers.4.self_attn.q_proj', 'model.vision_model.encoder.layers.5.self_attn.v_proj', 'model.vision_model.encoder.layers.5.self_attn.q_proj', 'model.vision_model.encoder.layers.6.self_attn.v_proj', 'model.vision_model.encoder.layers.6.self_attn.q_proj', 'model.vision_model.encoder.layers.7.self_attn.v_proj', 'model.vision_model.encoder.layers.7.self_attn.q_proj', 'model.vision_model.encoder.layers.8.self_attn.v_proj', 'model.vision_model.encoder.layers.8.self_attn.q_proj', 'model.vision_model.encoder.layers.9.self_attn.v_proj', 'model.vision_model.encoder.layers.9.self_attn.q_proj', 'model.vision_model.encoder.layers.10.self_attn.v_proj', 'model.vision_model.encoder.layers.10.self_attn.q_proj', 'model.vision_model.encoder.layers.11.self_attn.v_proj', 'model.vision_model.encoder.layers.11.self_attn.q_proj', 'model.vision_model.encoder.layers.12.self_attn.v_proj', 'model.vision_model.encoder.layers.12.self_attn.q_proj', 'model.vision_model.encoder.layers.13.self_attn.v_proj', 'model.vision_model.encoder.layers.13.self_attn.q_proj', 'model.vision_model.encoder.layers.14.self_attn.v_proj', 'model.vision_model.encoder.layers.14.self_attn.q_proj', 'model.vision_model.encoder.layers.15.self_attn.v_proj', 'model.vision_model.encoder.layers.15.self_attn.q_proj', 'model.vision_model.encoder.layers.16.self_attn.v_proj', 'model.vision_model.encoder.layers.16.self_attn.q_proj', 'model.vision_model.encoder.layers.17.self_attn.v_proj', 'model.vision_model.encoder.layers.17.self_attn.q_proj', 'model.vision_model.encoder.layers.18.self_attn.v_proj', 'model.vision_model.encoder.layers.18.self_attn.q_proj', 'model.vision_model.encoder.layers.19.self_attn.v_proj', 'model.vision_model.encoder.layers.19.self_attn.q_proj', 'model.vision_model.encoder.layers.20.self_attn.v_proj', 'model.vision_model.encoder.layers.20.self_attn.q_proj', 'model.vision_model.encoder.layers.21.self_attn.v_proj', 'model.vision_model.encoder.layers.21.self_attn.q_proj', 'model.vision_model.encoder.layers.22.self_attn.v_proj', 'model.vision_model.encoder.layers.22.self_attn.q_proj', 'model.vision_model.encoder.layers.23.self_attn.v_proj', 'model.vision_model.encoder.layers.23.self_attn.q_proj', 'model.vision_model.encoder.layers.24.self_attn.v_proj', 'model.vision_model.encoder.layers.24.self_attn.q_proj', 'model.vision_model.encoder.layers.25.self_attn.v_proj', 'model.vision_model.encoder.layers.25.self_attn.q_proj', 'model.vision_model.encoder.layers.26.self_attn.v_proj', 'model.vision_model.encoder.layers.26.self_attn.q_proj', 'model.text_model.layers.0.self_attn.q_proj', 'model.text_model.layers.0.self_attn.v_proj', 'model.text_model.layers.1.self_attn.q_proj', 'model.text_model.layers.1.self_attn.v_proj', 'model.text_model.layers.2.self_attn.q_proj', 'model.text_model.layers.2.self_attn.v_proj', 'model.text_model.layers.3.self_attn.q_proj', 'model.text_model.layers.3.self_attn.v_proj', 'model.text_model.layers.4.self_attn.q_proj', 'model.text_model.layers.4.self_attn.v_proj', 'model.text_model.layers.5.self_attn.q_proj', 'model.text_model.layers.5.self_attn.v_proj', 'model.text_model.layers.6.self_attn.q_proj', 'model.text_model.layers.6.self_attn.v_proj', 'model.text_model.layers.7.self_attn.q_proj', 'model.text_model.layers.7.self_attn.v_proj', 'model.text_model.layers.8.self_attn.q_proj', 'model.text_model.layers.8.self_attn.v_proj', 'model.text_model.layers.9.self_attn.q_proj', 'model.text_model.layers.9.self_attn.v_proj', 'model.text_model.layers.10.self_attn.q_proj', 'model.text_model.layers.10.self_attn.v_proj', 'model.text_model.layers.11.self_attn.q_proj', 'model.text_model.layers.11.self_attn.v_proj', 'model.text_model.layers.12.self_attn.q_proj', 'model.text_model.layers.12.self_attn.v_proj', 'model.text_model.layers.13.self_attn.q_proj', 'model.text_model.layers.13.self_attn.v_proj', 'model.text_model.layers.14.self_attn.q_proj', 'model.text_model.layers.14.self_attn.v_proj', 'model.text_model.layers.15.self_attn.q_proj', 'model.text_model.layers.15.self_attn.v_proj', 'model.text_model.layers.16.self_attn.q_proj', 'model.text_model.layers.16.self_attn.v_proj', 'model.text_model.layers.17.self_attn.q_proj', 'model.text_model.layers.17.self_attn.v_proj', 'model.text_model.layers.18.self_attn.q_proj', 'model.text_model.layers.18.self_attn.v_proj', 'model.text_model.layers.19.self_attn.q_proj', 'model.text_model.layers.19.self_attn.v_proj', 'model.text_model.layers.20.self_attn.q_proj', 'model.text_model.layers.20.self_attn.v_proj', 'model.text_model.layers.21.self_attn.q_proj', 'model.text_model.layers.21.self_attn.v_proj', 'model.text_model.layers.22.self_attn.q_proj', 'model.text_model.layers.22.self_attn.v_proj', 'model.text_model.layers.23.self_attn.q_proj', 'model.text_model.layers.23.self_attn.v_proj']",1614,0.9079850707054138,116.7,0.23,7895.1,0.6534,0.23,0.8914,0.4656,,,
main,smolvlm2-2b,vqa_rad,123,,16,"['model.vision_model.encoder.layers.0.self_attn.v_proj', 'model.vision_model.encoder.layers.0.self_attn.q_proj', 'model.vision_model.encoder.layers.1.self_attn.v_proj', 'model.vision_model.encoder.layers.1.self_attn.q_proj', 'model.vision_model.encoder.layers.2.self_attn.v_proj', 'model.vision_model.encoder.layers.2.self_attn.q_proj', 'model.vision_model.encoder.layers.3.self_attn.v_proj', 'model.vision_model.encoder.layers.3.self_attn.q_proj', 'model.vision_model.encoder.layers.4.self_attn.v_proj', 'model.vision_model.encoder.layers.4.self_attn.q_proj', 'model.vision_model.encoder.layers.5.self_attn.v_proj', 'model.vision_model.encoder.layers.5.self_attn.q_proj', 'model.vision_model.encoder.layers.6.self_attn.v_proj', 'model.vision_model.encoder.layers.6.self_attn.q_proj', 'model.vision_model.encoder.layers.7.self_attn.v_proj', 'model.vision_model.encoder.layers.7.self_attn.q_proj', 'model.vision_model.encoder.layers.8.self_attn.v_proj', 'model.vision_model.encoder.layers.8.self_attn.q_proj', 'model.vision_model.encoder.layers.9.self_attn.v_proj', 'model.vision_model.encoder.layers.9.self_attn.q_proj', 'model.vision_model.encoder.layers.10.self_attn.v_proj', 'model.vision_model.encoder.layers.10.self_attn.q_proj', 'model.vision_model.encoder.layers.11.self_attn.v_proj', 'model.vision_model.encoder.layers.11.self_attn.q_proj', 'model.vision_model.encoder.layers.12.self_attn.v_proj', 'model.vision_model.encoder.layers.12.self_attn.q_proj', 'model.vision_model.encoder.layers.13.self_attn.v_proj', 'model.vision_model.encoder.layers.13.self_attn.q_proj', 'model.vision_model.encoder.layers.14.self_attn.v_proj', 'model.vision_model.encoder.layers.14.self_attn.q_proj', 'model.vision_model.encoder.layers.15.self_attn.v_proj', 'model.vision_model.encoder.layers.15.self_attn.q_proj', 'model.vision_model.encoder.layers.16.self_attn.v_proj', 'model.vision_model.encoder.layers.16.self_attn.q_proj', 'model.vision_model.encoder.layers.17.self_attn.v_proj', 'model.vision_model.encoder.layers.17.self_attn.q_proj', 'model.vision_model.encoder.layers.18.self_attn.v_proj', 'model.vision_model.encoder.layers.18.self_attn.q_proj', 'model.vision_model.encoder.layers.19.self_attn.v_proj', 'model.vision_model.encoder.layers.19.self_attn.q_proj', 'model.vision_model.encoder.layers.20.self_attn.v_proj', 'model.vision_model.encoder.layers.20.self_attn.q_proj', 'model.vision_model.encoder.layers.21.self_attn.v_proj', 'model.vision_model.encoder.layers.21.self_attn.q_proj', 'model.vision_model.encoder.layers.22.self_attn.v_proj', 'model.vision_model.encoder.layers.22.self_attn.q_proj', 'model.vision_model.encoder.layers.23.self_attn.v_proj', 'model.vision_model.encoder.layers.23.self_attn.q_proj', 'model.vision_model.encoder.layers.24.self_attn.v_proj', 'model.vision_model.encoder.layers.24.self_attn.q_proj', 'model.vision_model.encoder.layers.25.self_attn.v_proj', 'model.vision_model.encoder.layers.25.self_attn.q_proj', 'model.vision_model.encoder.layers.26.self_attn.v_proj', 'model.vision_model.encoder.layers.26.self_attn.q_proj', 'model.text_model.layers.0.self_attn.q_proj', 'model.text_model.layers.0.self_attn.v_proj', 'model.text_model.layers.1.self_attn.q_proj', 'model.text_model.layers.1.self_attn.v_proj', 'model.text_model.layers.2.self_attn.q_proj', 'model.text_model.layers.2.self_attn.v_proj', 'model.text_model.layers.3.self_attn.q_proj', 'model.text_model.layers.3.self_attn.v_proj', 'model.text_model.layers.4.self_attn.q_proj', 'model.text_model.layers.4.self_attn.v_proj', 'model.text_model.layers.5.self_attn.q_proj', 'model.text_model.layers.5.self_attn.v_proj', 'model.text_model.layers.6.self_attn.q_proj', 'model.text_model.layers.6.self_attn.v_proj', 'model.text_model.layers.7.self_attn.q_proj', 'model.text_model.layers.7.self_attn.v_proj', 'model.text_model.layers.8.self_attn.q_proj', 'model.text_model.layers.8.self_attn.v_proj', 'model.text_model.layers.9.self_attn.q_proj', 'model.text_model.layers.9.self_attn.v_proj', 'model.text_model.layers.10.self_attn.q_proj', 'model.text_model.layers.10.self_attn.v_proj', 'model.text_model.layers.11.self_attn.q_proj', 'model.text_model.layers.11.self_attn.v_proj', 'model.text_model.layers.12.self_attn.q_proj', 'model.text_model.layers.12.self_attn.v_proj', 'model.text_model.layers.13.self_attn.q_proj', 'model.text_model.layers.13.self_attn.v_proj', 'model.text_model.layers.14.self_attn.q_proj', 'model.text_model.layers.14.self_attn.v_proj', 'model.text_model.layers.15.self_attn.q_proj', 'model.text_model.layers.15.self_attn.v_proj', 'model.text_model.layers.16.self_attn.q_proj', 'model.text_model.layers.16.self_attn.v_proj', 'model.text_model.layers.17.self_attn.q_proj', 'model.text_model.layers.17.self_attn.v_proj', 'model.text_model.layers.18.self_attn.q_proj', 'model.text_model.layers.18.self_attn.v_proj', 'model.text_model.layers.19.self_attn.q_proj', 'model.text_model.layers.19.self_attn.v_proj', 'model.text_model.layers.20.self_attn.q_proj', 'model.text_model.layers.20.self_attn.v_proj', 'model.text_model.layers.21.self_attn.q_proj', 'model.text_model.layers.21.self_attn.v_proj', 'model.text_model.layers.22.self_attn.q_proj', 'model.text_model.layers.22.self_attn.v_proj', 'model.text_model.layers.23.self_attn.q_proj', 'model.text_model.layers.23.self_attn.v_proj']",1614,0.903316477060318,111.3,0.23,7906.4,0.6653,0.24,0.8919,0.4767,,,
main,smolvlm2-2b,vqa_rad,456,,16,"['model.vision_model.encoder.layers.0.self_attn.v_proj', 'model.vision_model.encoder.layers.0.self_attn.q_proj', 'model.vision_model.encoder.layers.1.self_attn.v_proj', 'model.vision_model.encoder.layers.1.self_attn.q_proj', 'model.vision_model.encoder.layers.2.self_attn.v_proj', 'model.vision_model.encoder.layers.2.self_attn.q_proj', 'model.vision_model.encoder.layers.3.self_attn.v_proj', 'model.vision_model.encoder.layers.3.self_attn.q_proj', 'model.vision_model.encoder.layers.4.self_attn.v_proj', 'model.vision_model.encoder.layers.4.self_attn.q_proj', 'model.vision_model.encoder.layers.5.self_attn.v_proj', 'model.vision_model.encoder.layers.5.self_attn.q_proj', 'model.vision_model.encoder.layers.6.self_attn.v_proj', 'model.vision_model.encoder.layers.6.self_attn.q_proj', 'model.vision_model.encoder.layers.7.self_attn.v_proj', 'model.vision_model.encoder.layers.7.self_attn.q_proj', 'model.vision_model.encoder.layers.8.self_attn.v_proj', 'model.vision_model.encoder.layers.8.self_attn.q_proj', 'model.vision_model.encoder.layers.9.self_attn.v_proj', 'model.vision_model.encoder.layers.9.self_attn.q_proj', 'model.vision_model.encoder.layers.10.self_attn.v_proj', 'model.vision_model.encoder.layers.10.self_attn.q_proj', 'model.vision_model.encoder.layers.11.self_attn.v_proj', 'model.vision_model.encoder.layers.11.self_attn.q_proj', 'model.vision_model.encoder.layers.12.self_attn.v_proj', 'model.vision_model.encoder.layers.12.self_attn.q_proj', 'model.vision_model.encoder.layers.13.self_attn.v_proj', 'model.vision_model.encoder.layers.13.self_attn.q_proj', 'model.vision_model.encoder.layers.14.self_attn.v_proj', 'model.vision_model.encoder.layers.14.self_attn.q_proj', 'model.vision_model.encoder.layers.15.self_attn.v_proj', 'model.vision_model.encoder.layers.15.self_attn.q_proj', 'model.vision_model.encoder.layers.16.self_attn.v_proj', 'model.vision_model.encoder.layers.16.self_attn.q_proj', 'model.vision_model.encoder.layers.17.self_attn.v_proj', 'model.vision_model.encoder.layers.17.self_attn.q_proj', 'model.vision_model.encoder.layers.18.self_attn.v_proj', 'model.vision_model.encoder.layers.18.self_attn.q_proj', 'model.vision_model.encoder.layers.19.self_attn.v_proj', 'model.vision_model.encoder.layers.19.self_attn.q_proj', 'model.vision_model.encoder.layers.20.self_attn.v_proj', 'model.vision_model.encoder.layers.20.self_attn.q_proj', 'model.vision_model.encoder.layers.21.self_attn.v_proj', 'model.vision_model.encoder.layers.21.self_attn.q_proj', 'model.vision_model.encoder.layers.22.self_attn.v_proj', 'model.vision_model.encoder.layers.22.self_attn.q_proj', 'model.vision_model.encoder.layers.23.self_attn.v_proj', 'model.vision_model.encoder.layers.23.self_attn.q_proj', 'model.vision_model.encoder.layers.24.self_attn.v_proj', 'model.vision_model.encoder.layers.24.self_attn.q_proj', 'model.vision_model.encoder.layers.25.self_attn.v_proj', 'model.vision_model.encoder.layers.25.self_attn.q_proj', 'model.vision_model.encoder.layers.26.self_attn.v_proj', 'model.vision_model.encoder.layers.26.self_attn.q_proj', 'model.text_model.layers.0.self_attn.q_proj', 'model.text_model.layers.0.self_attn.v_proj', 'model.text_model.layers.1.self_attn.q_proj', 'model.text_model.layers.1.self_attn.v_proj', 'model.text_model.layers.2.self_attn.q_proj', 'model.text_model.layers.2.self_attn.v_proj', 'model.text_model.layers.3.self_attn.q_proj', 'model.text_model.layers.3.self_attn.v_proj', 'model.text_model.layers.4.self_attn.q_proj', 'model.text_model.layers.4.self_attn.v_proj', 'model.text_model.layers.5.self_attn.q_proj', 'model.text_model.layers.5.self_attn.v_proj', 'model.text_model.layers.6.self_attn.q_proj', 'model.text_model.layers.6.self_attn.v_proj', 'model.text_model.layers.7.self_attn.q_proj', 'model.text_model.layers.7.self_attn.v_proj', 'model.text_model.layers.8.self_attn.q_proj', 'model.text_model.layers.8.self_attn.v_proj', 'model.text_model.layers.9.self_attn.q_proj', 'model.text_model.layers.9.self_attn.v_proj', 'model.text_model.layers.10.self_attn.q_proj', 'model.text_model.layers.10.self_attn.v_proj', 'model.text_model.layers.11.self_attn.q_proj', 'model.text_model.layers.11.self_attn.v_proj', 'model.text_model.layers.12.self_attn.q_proj', 'model.text_model.layers.12.self_attn.v_proj', 'model.text_model.layers.13.self_attn.q_proj', 'model.text_model.layers.13.self_attn.v_proj', 'model.text_model.layers.14.self_attn.q_proj', 'model.text_model.layers.14.self_attn.v_proj', 'model.text_model.layers.15.self_attn.q_proj', 'model.text_model.layers.15.self_attn.v_proj', 'model.text_model.layers.16.self_attn.q_proj', 'model.text_model.layers.16.self_attn.v_proj', 'model.text_model.layers.17.self_attn.q_proj', 'model.text_model.layers.17.self_attn.v_proj', 'model.text_model.layers.18.self_attn.q_proj', 'model.text_model.layers.18.self_attn.v_proj', 'model.text_model.layers.19.self_attn.q_proj', 'model.text_model.layers.19.self_attn.v_proj', 'model.text_model.layers.20.self_attn.q_proj', 'model.text_model.layers.20.self_attn.v_proj', 'model.text_model.layers.21.self_attn.q_proj', 'model.text_model.layers.21.self_attn.v_proj', 'model.text_model.layers.22.self_attn.q_proj', 'model.text_model.layers.22.self_attn.v_proj', 'model.text_model.layers.23.self_attn.q_proj', 'model.text_model.layers.23.self_attn.v_proj']",1614,0.9075390884876251,114.8,0.23,7906.4,0.6693,0.235,0.8914,0.4767,,,
