trial_id,strategy,repeat_id,val_accuracy,train_loss,train_time_min,lora_rank,learning_rate,lora_targets,max_steps
0,manual,1,0.38,0.8437182092666626,22.8,16,0.0002,minimal,200
1,manual,0,0.38,0.8432071399688721,23.7,16,0.0002,minimal,200
3,manual,3,0.378,0.8434207797050476,22.8,16,0.0002,minimal,200
2,manual,2,0.384,0.8438401055335999,23.7,16,0.0002,minimal,200
5,manual,5,0.374,0.8430820608139038,25.3,16,0.0002,minimal,200
4,manual,4,0.378,0.8437205195426941,26.1,16,0.0002,minimal,200
26,manual,6,0.374,0.84319007396698,21.0,16,0.0002,minimal,200
27,manual,7,0.376,0.8431733512878418,21.3,16,0.0002,minimal,200
29,manual,9,0.376,0.8432386946678162,20.8,16,0.0002,minimal,200
28,manual,8,0.376,0.8432825589179993,20.8,16,0.0002,minimal,200
31,random,1,0.334,1.6908231258392334,15.9,32,1.7e-05,minimal,200
30,random,0,0.334,1.8176486778259278,27.2,16,1.4e-05,medium,200
32,random,1,0.332,1.7347612237930299,21.0,8,4e-05,minimal,200
33,random,0,0.34,0.8847302365303039,18.0,4,0.000182,full,200
35,random,0,0.352,1.0819889640808105,19.7,4,0.000152,minimal,200
34,random,1,0.394,0.7274726724624634,37.6,64,3.5e-05,full,200
36,random,0,0.382,0.8689798665046692,15.0,32,8.3e-05,minimal,200
37,random,1,0.328,1.3034452176094056,24.3,8,5.8e-05,minimal,200
38,random,0,0.348,1.0401102352142333,20.2,16,6.7e-05,minimal,200
39,random,1,0.392,0.9075950813293457,22.4,4,0.000135,medium,200
40,random,0,0.318,1.7688550662994384,20.4,4,1.2e-05,full,200
41,random,1,0.394,0.7522451591491699,19.5,32,0.000236,minimal,200
42,random,0,0.328,1.1288142490386963,35.1,16,5.4e-05,medium,200
43,random,1,0.33,1.6983247709274292,21.0,4,4.3e-05,minimal,200
45,random,1,0.324,1.550907039642334,29.4,16,1.9e-05,minimal,200
44,random,0,0.346,1.106447446346283,38.5,64,1.7e-05,minimal,200
46,random,1,0.388,0.7743604373931885,15.7,64,0.000223,medium,200
47,random,0,0.324,1.6543751811981202,19.9,4,5e-05,minimal,200
48,random,1,0.358,1.0480624723434449,15.6,16,5.1e-05,minimal,200
49,random,0,0.35,1.024954330921173,30.0,32,4.2e-05,minimal,200
50,random,1,0.328,2.1051959800720215,32.0,4,1.6e-05,minimal,200
51,random,0,0.35,0.984086217880249,16.0,8,8.7e-05,medium,200
52,random,1,0.378,0.8523741173744201,15.4,8,0.000224,minimal,200
53,random,0,0.402,0.916829617023468,24.5,16,0.000313,minimal,200
54,random,1,0.402,0.7516893076896668,25.6,16,0.000419,medium,200
55,random,0,0.388,0.7985174155235291,29.1,64,6e-05,full,200
56,random,1,0.406,0.8285710620880127,31.7,4,0.000268,medium,200
57,random,0,0.372,0.8352650976181031,26.0,8,8.8e-05,full,200
59,random,0,0.33,2.540378170013428,25.5,4,1.8e-05,medium,200
58,random,1,0.324,1.3400768041610718,45.1,4,3.9e-05,full,200
61,random,1,0.364,1.0308193707466125,15.4,4,0.000296,minimal,200
60,random,0,0.386,0.9081787705421448,25.7,64,6.4e-05,medium,200
62,random,1,0.352,0.9339538359642029,15.4,64,1.9e-05,minimal,200
63,random,0,0.336,1.1364462733268739,15.8,4,0.0001,medium,200
65,random,0,0.334,1.0131055092811585,18.2,64,2.2e-05,medium,200
64,random,1,0.324,1.40862211227417,29.1,16,1.7e-05,minimal,200
66,random,0,0.382,0.8651103401184081,15.6,8,0.000384,minimal,200
68,random,0,0.382,0.9395485091209411,16.5,16,9.6e-05,medium,200
67,random,1,0.352,1.0542877578735352,37.3,4,0.000104,full,200
69,random,1,0.318,1.789684820175171,19.2,8,1.1e-05,full,200
70,random,2,0.376,0.8550096774101257,16.6,64,0.000176,minimal,200
71,random,3,0.326,1.6417823314666748,37.8,8,1.6e-05,full,200
72,random,2,0.398,0.6509275460243225,20.3,16,0.00028,full,200
73,random,3,0.39,0.828512008190155,39.4,32,6.2e-05,full,200
74,random,2,0.41,0.8126128029823303,45.8,32,2.6e-05,full,200
75,random,3,0.436,0.6534613847732544,40.7,64,0.000368,medium,200
76,random,2,0.326,1.5995149755477904,38.3,4,3.5e-05,minimal,200
77,random,3,0.396,0.7831964492797852,19.5,32,0.000143,minimal,200
79,random,3,0.342,1.114933750629425,17.7,16,2e-05,medium,200
78,random,2,0.332,2.4148879051208496,38.2,8,1.2e-05,minimal,200
80,random,3,0.384,0.7946000266075134,19.9,4,0.00033,full,200
81,random,2,0.406,0.7580945014953613,21.1,64,0.000122,minimal,200
82,random,3,0.384,0.8844215178489685,21.1,16,0.000122,minimal,200
83,random,2,0.336,2.0516015577316282,19.8,8,1.7e-05,minimal,200
84,random,3,0.354,0.9963154530525208,37.4,8,2.5e-05,full,200
85,random,2,0.41,0.805124773979187,46.1,16,7.6e-05,full,200
86,random,3,0.416,0.6610699915885925,29.0,32,0.000123,full,200
87,random,2,0.338,1.1832201457023621,24.4,64,1.5e-05,minimal,200
89,random,2,0.404,0.7180298614501953,22.4,64,0.000234,medium,200
88,random,3,0.44,0.5913290119171143,40.2,64,0.000375,full,200
90,random,2,0.336,1.083846218585968,15.4,8,8.3e-05,minimal,200
91,random,3,0.344,1.0582955312728881,14.8,64,1.5e-05,minimal,200
93,random,3,0.324,1.6059218168258667,18.4,4,2.5e-05,full,200
92,random,2,0.404,0.709948616027832,45.7,16,4.8e-05,full,200
94,random,3,0.378,0.8772122049331665,17.6,32,6.6e-05,full,200
96,random,3,0.338,1.6794266510009765,14.8,4,3.3e-05,minimal,200
95,random,2,0.388,0.6751764845848084,18.4,16,0.000241,full,200
97,random,3,0.392,0.7596425342559815,19.6,64,0.000207,minimal,200
98,random,2,0.33,1.4516111898422241,25.5,8,1.6e-05,medium,200
99,random,3,0.334,1.787047839164734,25.4,16,1.4e-05,medium,200
100,random,2,0.39,0.803279550075531,19.7,8,0.000397,minimal,200
102,random,2,0.414,0.687155659198761,24.1,64,0.00036,minimal,200
101,random,3,0.426,0.6792716979980469,28.7,64,6.1e-05,full,200
104,random,3,0.4,0.6414611744880676,25.7,64,0.000144,full,200
103,random,2,0.402,0.7244526195526123,32.4,32,0.000189,medium,200
105,random,3,0.368,0.948344202041626,21.0,4,0.000196,minimal,200
106,random,2,0.392,0.9090901017189026,29.5,8,0.000486,minimal,200
107,random,3,0.324,1.231380615234375,40.4,8,7.8e-05,medium,200
108,random,2,0.352,0.9823145747184754,34.6,32,6e-05,medium,200
109,random,2,0.384,0.7273257184028625,15.1,64,0.00026,minimal,200
110,random,5,0.34,2.0016462707519533,32.6,8,1.8e-05,minimal,200
111,random,4,0.326,1.2756987071037293,35.5,4,6e-05,medium,200
112,random,5,0.364,0.8583457064628601,31.4,8,7.9e-05,medium,200
113,random,4,0.384,0.9573411822319031,37.8,64,7.2e-05,minimal,200
114,random,5,0.376,0.7229265594482421,17.5,16,0.000445,full,200
115,random,4,0.394,0.7507641363143921,20.7,32,0.000119,minimal,200
116,random,5,0.38,0.7662488865852356,18.1,8,0.000139,full,200
117,random,4,0.404,0.7673120403289795,16.1,64,0.00013,medium,200
118,random,5,0.37,0.8664264225959778,18.4,8,0.000214,full,200
119,random,4,0.334,1.1857941699028016,29.1,64,3e-05,minimal,200
120,random,5,0.366,0.8150869941711426,24.0,4,0.000406,full,200
121,random,4,0.36,0.988194305896759,28.9,64,2e-05,minimal,200
122,random,5,0.386,0.703543746471405,40.5,64,9.6e-05,full,200
123,random,4,0.404,0.7369949984550476,31.9,32,8.6e-05,medium,200
124,random,5,0.332,1.7056011390686034,23.9,16,1e-05,minimal,200
125,random,4,0.398,0.7834569978713989,17.9,64,0.000112,medium,200
126,random,5,0.334,1.0407509922981262,17.6,4,5.1e-05,full,200
127,random,4,0.406,0.792814404964447,15.7,32,0.000185,medium,200
128,random,5,0.332,1.6605923938751221,25.1,4,4.5e-05,medium,200
129,random,4,0.388,0.7436337852478028,21.2,32,0.000411,medium,200
130,random,5,0.38,0.8331432819366456,17.6,8,0.000162,full,200
131,random,4,0.346,0.9737259554862976,16.0,64,3.8e-05,medium,200
132,random,5,0.33,1.4344921159744262,23.8,32,1.7e-05,minimal,200
133,random,4,0.398,0.7921458292007446,25.6,64,0.000106,medium,200
135,random,4,0.328,1.8260981845855713,22.7,4,2.3e-05,medium,200
134,random,5,0.404,0.6626179528236389,27.8,8,0.000187,full,200
136,random,4,0.332,2.5968227767944336,21.0,4,1.7e-05,medium,200
137,random,5,0.318,1.1458327627182008,31.4,8,4.3e-05,medium,200
138,random,4,0.364,0.9252693891525269,18.1,4,9.3e-05,medium,200
139,random,5,0.396,0.9076720809936524,25.1,16,0.000193,medium,200
140,random,4,0.378,0.9254158639907837,22.6,64,5.7e-05,medium,200
141,random,5,0.35,1.1138369584083556,37.9,32,1.5e-05,minimal,200
142,random,4,0.358,0.9660506296157837,37.6,4,5.2e-05,full,200
143,random,5,0.396,0.7923920941352844,17.7,32,8.2e-05,medium,200
144,random,4,0.398,0.6939260959625244,22.6,64,9.2e-05,medium,200
146,random,4,0.328,1.1790216040611268,32.0,4,0.000128,medium,200
145,random,5,0.422,0.6667225813865661,46.7,64,3.1e-05,full,200
148,random,5,0.412,0.6304239726066589,29.0,16,0.000188,full,200
147,random,4,0.402,0.8746237540245057,32.1,32,0.000187,minimal,200
149,random,5,0.362,0.9289130020141602,19.7,8,5.4e-05,full,200
150,random,6,0.382,0.8742239117622376,18.9,64,1.2e-05,full,200
151,random,7,0.368,0.8245535063743591,19.6,8,0.000133,full,200
152,random,6,0.34,0.9360290575027466,18.6,8,7.1e-05,full,200
153,random,7,0.328,2.1912219429016115,29.0,4,2.4e-05,minimal,200
154,random,6,0.36,0.9561216688156128,17.0,4,0.000341,minimal,200
155,random,7,0.324,1.6530392503738403,18.3,4,2.4e-05,full,200
157,random,7,0.326,1.1197613525390624,22.4,16,4.9e-05,medium,200
156,random,6,0.332,1.949632773399353,40.7,4,1.2e-05,medium,200
158,random,7,0.332,1.3907454681396485,15.6,4,3.3e-05,medium,200
159,random,6,0.34,1.1604039239883424,25.4,32,1.9e-05,medium,200
161,random,6,0.386,0.7779765176773071,15.8,64,0.00024,medium,200
160,random,7,0.328,2.417754259109497,31.7,16,1.2e-05,minimal,200
163,random,7,0.386,0.8826056385040283,17.3,4,0.000353,minimal,200
162,random,6,0.378,0.7942959070205688,20.9,32,0.000276,medium,200
164,random,7,0.394,0.829140796661377,21.1,64,4.5e-05,medium,200
165,random,6,0.394,0.8874636387825012,24.2,16,0.000295,minimal,200
166,random,7,0.38,0.8752600073814392,21.0,8,0.000159,medium,200
167,random,6,0.34,1.009182665348053,25.7,8,3.7e-05,medium,200
169,random,6,0.396,0.7880053567886353,15.9,64,4.7e-05,medium,200
168,random,7,0.356,0.9970585155487061,37.4,16,1.4e-05,full,200
170,random,6,0.332,1.9832299995422362,15.7,8,1.9e-05,medium,200
171,random,7,0.408,0.7109068560600281,16.4,64,0.000253,medium,200
172,random,6,0.388,0.7041627645492554,18.8,64,9.4e-05,full,200
173,random,7,0.402,0.6449576425552368,20.0,32,0.000136,full,200
175,random,7,0.396,0.6920601844787597,20.2,16,0.000138,full,200
174,random,6,0.332,1.1569563579559325,46.5,8,1.3e-05,full,200
176,random,7,0.352,1.068938217163086,25.6,16,9e-05,medium,200
177,random,6,0.374,0.8381591176986695,20.0,16,0.000269,minimal,200
178,random,7,0.33,1.1888157892227174,21.1,64,2.7e-05,minimal,200
180,random,7,0.394,0.8078717684745789,18.1,64,0.000112,medium,200
179,random,6,0.398,0.8145911455154419,40.9,64,2.2e-05,medium,200
182,random,6,0.394,0.8257846736907959,20.9,32,0.000102,medium,200
181,random,7,0.416,0.682335820198059,41.9,64,5.5e-05,full,200
184,random,7,0.326,2.0791186618804933,21.4,4,1.7e-05,medium,200
183,random,6,0.41,0.6488442540168762,40.7,8,0.000476,full,200
185,random,7,0.346,1.0175362634658813,15.1,32,3.3e-05,minimal,200
186,random,6,0.4,0.7836140084266663,15.0,32,0.000218,minimal,200
187,random,7,0.39,0.7345830178260804,21.4,32,0.000339,medium,200
188,random,6,0.402,0.736979455947876,17.8,64,0.000113,full,200
189,random,6,0.316,1.7596765565872192,45.4,4,1.9e-05,full,200
191,random,8,0.364,0.8929377698898315,23.2,8,0.00011,medium,200
190,random,9,0.332,1.3772381925582886,32.7,16,5.3e-05,minimal,200
192,random,8,0.388,0.8253512215614319,22.7,16,0.000192,medium,200
193,random,9,0.318,1.3382458329200744,15.3,16,3.5e-05,minimal,200
195,random,9,0.374,0.8876352238655091,28.5,16,2.7e-05,full,200
194,random,8,0.394,0.7894644165039062,40.5,16,7.1e-05,full,200
196,random,9,0.398,0.6492964696884155,20.2,64,0.000295,full,200
197,random,8,0.394,0.7425534200668334,17.0,32,0.000165,minimal,200
198,random,9,0.394,0.8198944664001465,37.1,32,4.9e-05,full,200
199,random,8,0.396,0.6483954381942749,37.9,64,0.000164,full,200
200,random,9,0.36,0.9476404738426208,21.1,64,1.9e-05,minimal,200
201,random,8,0.384,0.8816621088981629,40.4,4,0.000331,medium,200
202,random,9,0.316,1.3820852470397949,22.6,32,1.2e-05,medium,200
204,random,9,0.362,0.8998234176635742,18.0,16,3.1e-05,full,200
203,random,8,0.392,0.9421610403060913,31.8,32,7.2e-05,minimal,200
205,random,9,0.408,0.7175567626953125,21.1,16,0.000333,minimal,200
206,random,8,0.324,0.9225506448745727,17.8,4,5.2e-05,full,200
208,random,8,0.39,0.7207839941978454,18.6,32,0.000217,full,200
207,random,9,0.41,0.7738068914413452,38.2,32,0.000322,minimal,200
210,random,9,0.334,1.7951354122161864,15.7,8,1.5e-05,minimal,200
209,random,8,0.334,1.7705950403213502,40.7,4,1.6e-05,medium,200
211,random,9,0.386,0.8427957177162171,34.9,4,0.000396,medium,200
212,random,8,0.4,0.7294342756271363,28.7,16,5.9e-05,full,200
213,random,9,0.39,0.7244983410835266,26.8,16,0.000245,full,200
214,random,8,0.316,1.5098812627792357,21.3,8,1.4e-05,medium,200
215,random,9,0.394,0.7408251667022705,17.7,32,0.000196,full,200
216,random,8,0.426,0.657609941959381,35.1,64,0.000351,medium,200
217,random,9,0.32,1.3454423999786378,20.1,8,2.6e-05,full,200
218,random,8,0.36,1.064296202659607,20.8,16,0.000133,minimal,200
219,random,9,0.336,1.8283828449249269,20.9,8,3.5e-05,minimal,200
220,random,8,0.386,0.8654623007774354,24.4,16,2.6e-05,full,200
221,random,9,0.396,0.8098477220535278,46.4,4,0.000123,full,200
222,random,8,0.318,1.2550592088699342,32.0,64,1.3e-05,medium,200
224,random,8,0.336,1.063198516368866,17.1,8,0.000146,minimal,200
223,random,9,0.444,0.6048899483680725,42.3,64,0.000208,full,200
225,random,8,0.342,1.0510983753204346,15.6,32,7.5e-05,minimal,200
227,random,8,0.368,1.0076301980018616,22.4,4,0.000251,medium,200
226,random,9,0.334,1.7139788961410523,25.8,8,2.9e-05,medium,200
229,random,9,0.408,0.799914813041687,15.0,32,0.000263,minimal,200
228,random,8,0.336,1.0536585140228272,31.9,8,6.3e-05,medium,200
230,optuna,1,0.376,0.8415897679328919,16.6,64,4e-05,minimal,200
231,optuna,0,0.324,1.1405979824066161,33.0,16,4.7e-05,medium,200
232,optuna,1,0.376,0.919925467967987,16.6,4,0.000158,medium,200
234,optuna,1,0.366,0.9796520590782165,21.1,16,3.8e-05,medium,200
233,optuna,0,0.36,0.9768533396720886,25.5,32,1.5e-05,full,200
235,optuna,1,0.4,0.7785983037948608,46.6,4,0.000109,full,200
236,optuna,0,0.4,0.829367368221283,45.8,4,0.000228,full,200
237,optuna,1,0.334,1.6828814458847046,15.7,8,2.9e-05,medium,200
238,optuna,0,0.386,0.8019526433944703,15.5,64,0.000109,minimal,200
239,optuna,1,0.376,0.7716534233093262,24.2,16,0.000273,full,200
240,optuna,0,0.382,0.8674182081222535,25.4,64,8.3e-05,medium,200
242,optuna,0,0.32,1.327019419670105,19.6,32,1.8e-05,minimal,200
241,optuna,1,0.36,0.9868681073188782,34.7,8,8.7e-05,medium,200
243,optuna,0,0.364,0.860001425743103,17.9,64,3.3e-05,full,200
244,optuna,1,0.396,0.779056351184845,22.6,8,0.000221,medium,200
245,optuna,0,0.362,0.9342386937141418,24.6,32,1.1e-05,full,200
247,optuna,0,0.406,0.6233992958068848,20.0,32,0.000272,full,200
246,optuna,1,0.38,0.8574753856658935,37.8,8,0.000115,full,200
248,optuna,0,0.396,0.7389775967597961,26.5,64,2.9e-05,full,200
249,optuna,1,0.382,0.8787279438972473,29.4,8,0.000214,minimal,200
250,optuna,0,0.402,0.7193841528892517,17.9,8,0.000438,medium,200
252,optuna,0,0.398,0.7162140655517578,17.9,8,0.000469,medium,200
251,optuna,1,0.316,2.435394010543823,46.3,4,1e-05,full,200
253,optuna,0,0.4,0.7033882069587708,17.8,8,0.000499,medium,200
255,optuna,0,0.386,0.801483416557312,17.9,8,0.000203,medium,200
254,optuna,1,0.444,0.5915687036514282,29.0,32,0.00044,full,200
256,optuna,0,0.396,0.7056436824798584,17.3,16,0.000233,minimal,200
257,optuna,1,0.44,0.5900222659111023,29.1,32,0.000481,full,200
258,optuna,0,0.388,0.786180567741394,20.1,4,0.000149,full,200
260,optuna,0,0.398,0.7316921877861023,17.9,8,0.000304,medium,200
259,optuna,1,0.43,0.5887835478782654,28.9,32,0.000347,full,200
262,optuna,1,0.438,0.5880187320709228,28.9,32,0.000402,full,200
261,optuna,0,0.454,0.5600867819786072,46.9,32,0.000345,full,200
263,optuna,1,0.438,0.6075670385360717,28.7,32,0.000492,full,200
264,optuna,0,0.418,0.7449156880378723,46.2,32,0.000133,full,200
265,optuna,1,0.418,0.6589070248603821,28.9,32,6.3e-05,full,200
267,optuna,1,0.406,0.674476375579834,24.0,32,0.000492,minimal,200
266,optuna,0,0.382,0.8312208437919617,40.7,32,6.6e-05,full,200
268,optuna,1,0.372,0.9095410990715027,28.4,64,1.4e-05,full,200
269,optuna,1,0.412,0.6492557096481323,28.2,32,0.000156,full,200
271,optuna,3,0.326,1.2190144085884094,38.3,4,2.8e-05,full,200
270,optuna,2,0.402,0.6298723983764648,38.6,64,0.000403,full,200
273,optuna,2,0.368,0.901131763458252,14.8,4,0.000323,minimal,200
272,optuna,3,0.392,0.8117716193199158,15.7,64,0.000262,medium,200
274,optuna,2,0.328,2.9142312240600585,28.6,4,2e-05,minimal,200
275,optuna,3,0.33,1.4653079986572266,47.1,4,3e-05,full,200
276,optuna,2,0.318,1.4637504863739013,15.3,16,2.7e-05,minimal,200
278,optuna,2,0.4,0.7980160427093506,16.3,8,0.00028,medium,200
277,optuna,3,0.398,0.80962317943573,35.3,64,3.9e-05,medium,200
280,optuna,3,0.398,0.7784748244285583,21.3,16,0.000294,minimal,200
279,optuna,2,0.422,0.6882172179222107,40.6,64,0.000167,medium,200
282,optuna,2,0.378,0.8503906345367431,28.6,4,0.000214,full,200
281,optuna,3,0.332,1.4061150598526,35.1,16,1.1e-05,medium,200
284,optuna,3,0.378,0.8281548833847046,21.4,16,0.000246,medium,200
283,optuna,2,0.34,0.9862488031387329,24.2,16,4.2e-05,full,200
286,optuna,2,0.402,0.7578416800498963,14.7,64,0.000477,minimal,200
285,optuna,3,0.434,0.6392272686958314,29.4,64,0.000102,full,200
288,optuna,3,0.366,0.8949372482299804,18.2,64,1e-05,full,200
287,optuna,2,0.334,1.640580825805664,40.6,16,1.1e-05,medium,200
289,optuna,3,0.39,0.7866010236740112,18.0,16,0.000334,medium,200
291,optuna,3,0.392,0.8855572390556335,24.3,32,0.000101,minimal,200
290,optuna,2,0.394,0.7527698206901551,40.6,32,0.00011,medium,200
292,optuna,3,0.384,0.8362457966804504,26.5,8,7.9e-05,full,200
293,optuna,2,0.444,0.6198857402801514,47.7,64,0.000116,full,200
294,optuna,3,0.426,0.6912211799621581,49.2,64,4.1e-05,full,200
295,optuna,2,0.432,0.6133814573287963,47.3,64,0.000111,full,200
296,optuna,3,0.452,0.5971623754501343,48.0,64,0.000134,full,200
297,optuna,2,0.428,0.6298998785018921,47.1,64,7.9e-05,full,200
298,optuna,3,0.432,0.6192743468284607,29.1,64,0.000135,full,200
299,optuna,2,0.438,0.6082021737098694,46.6,64,0.00012,full,200
300,optuna,3,0.444,0.6337723350524902,46.7,32,0.00015,full,200
301,optuna,2,0.396,0.8025256776809693,46.1,32,5.2e-05,full,200
302,optuna,3,0.392,0.8603453159332275,38.7,32,0.000166,minimal,200
303,optuna,2,0.38,0.7918776750564576,29.4,8,0.000134,full,200
304,optuna,3,0.47,0.5554913532733917,48.7,32,0.000491,full,200
305,optuna,2,0.414,0.6534113168716431,41.0,64,7.2e-05,full,200
306,optuna,3,0.438,0.6580773329734803,46.6,8,0.000362,full,200
307,optuna,2,0.46,0.5434189999103546,46.6,64,0.000201,full,200
308,optuna,3,0.458,0.5761537384986878,46.4,32,0.000489,full,200
309,optuna,2,0.436,0.5944351530075074,28.8,64,0.000226,full,200
311,optuna,5,0.39,0.8844556164741516,15.9,32,0.000127,minimal,200
310,optuna,4,0.348,1.0555654311180114,32.8,64,3.4e-05,minimal,200
312,optuna,5,0.404,0.7362798166275024,29.7,32,0.00018,minimal,200
313,optuna,4,0.392,0.9352142858505249,40.4,32,5.6e-05,medium,200
314,optuna,5,0.404,0.657139024734497,37.6,32,0.000265,full,200
316,optuna,5,0.34,1.0427194142341614,18.4,32,2e-05,full,200
315,optuna,4,0.326,1.3555539417266846,45.8,8,2.4e-05,full,200
317,optuna,5,0.332,2.6131803512573244,21.1,4,1.7e-05,medium,200
318,optuna,4,0.406,0.7535136198997497,21.0,32,0.000141,medium,200
319,optuna,5,0.38,0.7424576449394226,24.6,16,0.000364,full,200
320,optuna,4,0.334,1.169291603565216,29.6,8,4.4e-05,minimal,200
321,optuna,5,0.334,1.8286522674560546,20.0,8,1.4e-05,minimal,200
322,optuna,4,0.386,0.8727611184120179,40.6,32,8e-05,medium,200
323,optuna,5,0.38,0.896634132862091,38.2,16,5.8e-05,minimal,200
325,optuna,5,0.378,0.917334418296814,14.8,8,0.000258,minimal,200
326,optuna,5,0.37,0.9272147631645202,15.0,8,0.000209,minimal,200
324,optuna,4,0.386,0.8971995806694031,40.7,4,0.000319,medium,200
328,optuna,4,0.394,0.6768804359436035,25.8,16,0.000312,full,200
327,optuna,5,0.4,0.7896399736404419,35.1,64,6.1e-05,medium,200
329,optuna,4,0.374,0.9201737880706787,34.5,64,1.5e-05,medium,200
330,optuna,5,0.416,0.6748300290107727,46.4,32,0.000132,full,200
331,optuna,4,0.396,0.8025431966781617,20.9,16,0.00039,minimal,200
333,optuna,4,0.382,0.8352806735038757,15.6,32,0.000137,medium,200
334,optuna,4,0.37,0.8889534330368042,19.6,16,0.000171,minimal,200
332,optuna,5,0.436,0.6139213418960572,46.8,32,0.000114,full,200
335,optuna,4,0.388,0.7374825072288513,20.8,16,0.000471,minimal,200
337,optuna,4,0.338,1.16171804189682,19.5,4,0.000133,minimal,200
336,optuna,5,0.41,0.7183064079284668,46.5,32,0.000106,full,200
338,optuna,4,0.382,0.7037080121040344,25.9,16,0.00022,full,200
340,optuna,4,0.402,0.7766649079322815,15.6,32,9.4e-05,medium,200
339,optuna,5,0.416,0.679634404182434,46.9,64,4.8e-05,full,200
341,optuna,4,0.388,0.772383587360382,15.7,32,0.000102,medium,200
343,optuna,4,0.398,0.7978158521652222,15.6,32,8.2e-05,medium,200
344,optuna,4,0.392,0.7685616993904114,15.7,32,0.000188,medium,200
342,optuna,5,0.33,1.5305308246612548,46.6,4,2.9e-05,full,200
345,optuna,4,0.328,1.1300328540802003,15.6,32,1.1e-05,medium,200
346,optuna,5,0.432,0.620220193862915,45.9,32,9.8e-05,full,200
347,optuna,5,0.468,0.5434308993816376,45.6,32,0.000488,full,200
348,optuna,5,0.434,0.6111634445190429,39.7,32,0.000488,medium,200
349,optuna,5,0.344,1.046895773410797,28.3,4,3.2e-05,full,200
350,optuna,6,0.346,1.1117301869392395,30.6,8,8.5e-05,minimal,200
351,optuna,7,0.402,0.7196630573272705,39.4,64,0.000304,minimal,200
353,optuna,7,0.338,1.7307203006744385,15.5,16,2.4e-05,minimal,200
352,optuna,6,0.32,1.9207140159606935,24.5,4,1.7e-05,full,200
355,optuna,6,0.328,2.5432095909118653,17.0,4,1.8e-05,minimal,200
354,optuna,7,0.346,1.122062268257141,41.2,64,1.2e-05,medium,200
356,optuna,6,0.376,0.8081320667266846,19.8,64,7.7e-05,minimal,200
357,optuna,7,0.392,0.7674525713920594,38.8,64,2.5e-05,full,200
358,optuna,6,0.366,0.9460764861106873,38.3,64,1.8e-05,full,200
359,optuna,7,0.4,0.8877297019958497,18.1,4,0.000349,medium,200
360,optuna,6,0.39,0.866980094909668,18.0,64,8.1e-05,medium,200
362,optuna,6,0.388,0.6405726742744445,20.3,64,0.000294,full,200
361,optuna,7,0.438,0.6340910816192626,29.3,16,0.000425,full,200
364,optuna,7,0.324,1.6653197479248047,16.5,8,1.9e-05,medium,200
363,optuna,6,0.428,0.6465702867507934,29.2,32,0.000104,full,200
365,optuna,7,0.316,1.3053503036499023,16.5,16,1.3e-05,medium,200
366,optuna,6,0.36,0.935967526435852,21.1,16,5.4e-05,minimal,200
367,optuna,7,0.392,0.8364622879028321,16.4,16,0.000281,medium,200
368,optuna,6,0.322,1.224945480823517,15.5,32,4.1e-05,minimal,200
369,optuna,7,0.324,1.3921959543228148,15.5,64,2e-05,minimal,200
370,optuna,6,0.42,0.6478212809562683,25.6,32,0.000317,medium,200
371,optuna,7,0.39,0.7246564459800721,24.9,32,9.5e-05,full,200
372,optuna,6,0.424,0.6350474166870117,25.3,32,0.000454,medium,200
373,optuna,7,0.382,0.8178033018112183,24.1,8,0.000172,minimal,200
374,optuna,6,0.404,0.6750579810142517,25.3,32,0.000173,medium,200
376,optuna,6,0.422,0.644981107711792,25.2,32,0.000494,medium,200
375,optuna,7,0.45,0.5517894756793976,46.7,32,0.00046,full,200
377,optuna,6,0.43,0.6156959247589111,28.7,32,0.000181,full,200
378,optuna,7,0.422,0.6547423958778381,28.7,32,0.000141,full,200
379,optuna,6,0.42,0.6567651772499085,28.8,16,0.000159,full,200
380,optuna,7,0.456,0.5534713697433472,46.6,32,0.000443,full,200
381,optuna,6,0.384,0.7283772993087768,40.5,8,0.000132,full,200
382,optuna,7,0.43,0.7066611528396607,46.5,32,5.2e-05,full,200
383,optuna,6,0.398,0.7073645448684692,29.0,32,3.7e-05,full,200
385,optuna,6,0.422,0.6459774112701416,28.8,32,0.00012,full,200
384,optuna,7,0.43,0.7265093517303467,47.5,32,5.5e-05,full,200
386,optuna,6,0.418,0.6513931035995484,41.1,32,0.000233,full,200
387,optuna,7,0.4,0.6534378600120544,38.5,32,0.000177,full,200
388,optuna,7,0.424,0.7424216675758362,45.7,4,0.000228,full,200
389,optuna,7,0.446,0.5551919960975646,45.8,32,0.000481,full,200
390,optuna,8,0.388,0.7906417274475097,19.1,8,0.000488,medium,200
391,optuna,9,0.344,1.0611054015159607,32.8,32,6e-05,minimal,200
392,optuna,8,0.338,1.1430439734458924,17.1,16,4.5e-05,minimal,200
393,optuna,9,0.392,0.7185564398765564,22.0,32,0.000286,medium,200
394,optuna,8,0.326,1.1419292759895325,19.8,16,2.5e-05,full,200
395,optuna,9,0.364,0.9471195244789123,19.7,8,0.000103,full,200
396,optuna,8,0.328,1.318221755027771,15.7,16,2.6e-05,medium,200
397,optuna,9,0.324,2.10903781414032,15.2,16,1e-05,minimal,200
398,optuna,8,0.402,0.7117651987075806,29.1,32,0.000237,full,200
399,optuna,9,0.324,1.4485647439956666,15.3,16,4.2e-05,minimal,200
400,optuna,8,0.37,0.8076760220527649,24.2,4,9.2e-05,full,200
401,optuna,9,0.34,0.9734966158866882,24.1,16,1.1e-05,full,200
402,optuna,8,0.388,0.7802601385116578,17.9,16,0.00015,full,200
404,optuna,8,0.382,0.7716776633262634,17.9,8,0.000443,full,200
403,optuna,9,0.378,0.9015109181404114,40.2,8,8.5e-05,full,200
405,optuna,8,0.39,0.7584010839462281,18.0,16,0.000361,full,200
406,optuna,9,0.37,0.8737832808494568,17.0,8,0.000312,minimal,200
407,optuna,8,0.38,0.8986801600456238,29.6,16,0.000186,minimal,200
408,optuna,9,0.404,0.8540278697013854,38.1,64,9.1e-05,minimal,200
409,optuna,8,0.324,1.6448928117752075,22.3,32,1.2e-05,medium,200
410,optuna,9,0.394,0.7095793652534484,25.8,4,0.000248,full,200
411,optuna,8,0.392,0.6382610726356507,26.4,64,0.00023,full,200
412,optuna,9,0.392,0.927949059009552,40.6,64,2.5e-05,medium,200
413,optuna,8,0.394,0.6366917848587036,26.5,64,0.00019,full,200
414,optuna,9,0.374,0.7922272682189941,24.4,4,0.000164,full,200
415,optuna,8,0.386,0.7881018471717834,26.1,32,9.8e-05,full,200
417,optuna,8,0.442,0.606729850769043,28.8,64,0.000252,full,200
416,optuna,9,0.46,0.5402070271968842,46.3,64,0.000489,full,200
418,optuna,8,0.418,0.6922101736068725,38.4,64,0.000277,minimal,200
419,optuna,9,0.428,0.6394623017311096,38.0,64,0.000439,minimal,200
420,optuna,8,0.414,0.8505074596405029,38.6,64,5.3e-05,minimal,200
421,optuna,9,0.454,0.5935386753082276,40.5,64,0.00044,medium,200
422,optuna,8,0.424,0.6850360655784606,38.7,64,0.000295,minimal,200
423,optuna,9,0.44,0.600631742477417,40.7,64,0.000419,medium,200
424,optuna,8,0.412,0.7536611127853393,38.8,64,0.000125,minimal,200
425,optuna,9,0.432,0.6511832165718079,40.5,64,0.00016,medium,200
426,optuna,8,0.394,0.8352942323684692,38.7,4,0.000361,minimal,200
427,optuna,9,0.422,0.656604928970337,40.3,64,0.000188,medium,200
428,optuna,9,0.418,0.6872805094718933,37.4,64,0.000418,full,200
429,optuna,9,0.45,0.6011497759819031,39.5,64,0.000496,medium,200
430,autoresearch,1,0.38,0.8782975339889526,23.5,16,0.0001,medium,200
431,autoresearch,0,0.376,0.8784216332435608,23.7,16,0.0001,medium,200
432,autoresearch,1,0.392,0.6497440123558045,25.9,64,0.0002,full,200
433,autoresearch,0,0.396,0.6493601751327515,26.0,64,0.0002,full,200
435,autoresearch,0,0.402,0.6587757539749145,26.1,32,0.0003,full,200
434,autoresearch,1,0.396,0.6585226273536682,26.2,32,0.0003,full,200
437,autoresearch,1,0.358,0.9722979044914246,21.5,8,0.00015,minimal,200
436,autoresearch,0,0.394,0.7827266120910644,26.4,8,0.00015,full,200
438,autoresearch,1,0.388,0.6394980692863464,26.6,32,0.00025,full,200
439,autoresearch,0,0.392,0.640315272808075,26.1,32,0.00025,full,200
440,autoresearch,1,0.4,0.6758338737487793,26.6,32,0.0002,full,200
441,autoresearch,0,0.398,0.651439082622528,26.2,16,0.00035,full,200
442,autoresearch,1,0.392,0.6920916485786438,26.2,32,0.00015,full,200
443,autoresearch,0,0.392,0.675694100856781,26.0,32,0.0002,full,200
444,autoresearch,1,0.39,0.6495948076248169,26.9,64,0.0002,full,200
445,autoresearch,0,0.388,0.6921627569198608,26.1,32,0.00015,full,200
446,autoresearch,1,0.396,0.6759057188034058,26.5,32,0.0002,full,200
447,autoresearch,0,0.392,0.6372681784629822,26.5,64,0.0003,full,200
448,autoresearch,1,0.394,0.6755051350593567,26.4,32,0.0002,full,200
449,autoresearch,0,0.398,0.6587010216712952,26.6,32,0.0003,full,200
450,autoresearch,1,0.39,0.6757392191886902,26.5,32,0.0002,full,200
451,autoresearch,0,0.398,0.6580042982101441,27.2,32,0.0003,full,200
452,autoresearch,1,0.394,0.6757111620903015,26.2,32,0.0002,full,200
453,autoresearch,0,0.394,0.6584076023101807,26.2,32,0.0003,full,200
454,autoresearch,1,0.398,0.6759209609031678,20.0,32,0.0002,full,200
455,autoresearch,0,0.402,0.6584969854354858,26.0,32,0.0003,full,200
456,autoresearch,1,0.394,0.6744471192359924,26.2,16,0.0002,full,200
457,autoresearch,0,0.4,0.6581421685218811,20.0,32,0.0003,full,200
458,autoresearch,1,0.388,0.6754810333251953,26.1,32,0.0002,full,200
459,autoresearch,0,0.4,0.6582782053947449,26.1,32,0.0003,full,200
460,autoresearch,1,0.39,0.6754789519309997,26.2,32,0.0002,full,200
461,autoresearch,0,0.398,0.6586135458946228,38.3,32,0.0003,full,200
462,autoresearch,1,0.392,0.6759113645553589,26.1,32,0.0002,full,200
463,autoresearch,0,0.404,0.6585523748397827,26.3,32,0.0003,full,200
464,autoresearch,1,0.386,0.675691523551941,26.0,32,0.0002,full,200
465,autoresearch,0,0.4,0.6584637188911437,26.8,32,0.0003,full,200
466,autoresearch,1,0.394,0.675584545135498,26.3,32,0.0002,full,200
467,autoresearch,0,0.398,0.6650835657119751,26.4,32,0.00025,full,200
468,autoresearch,1,0.394,0.6757744598388672,26.5,32,0.0002,full,200
469,autoresearch,0,0.398,0.6585509514808655,26.1,32,0.0003,full,200
470,autoresearch,2,0.378,0.8784842252731323,23.5,16,0.0001,medium,200
471,autoresearch,3,0.374,0.8783507490158081,23.5,16,0.0001,medium,200
473,autoresearch,3,0.4,0.6489978218078614,26.1,64,0.0002,full,200
472,autoresearch,2,0.396,0.6491999840736389,26.2,64,0.0002,full,200
475,autoresearch,2,0.404,0.6585490131378173,26.9,32,0.0003,full,200
474,autoresearch,3,0.394,0.7181216239929199,27.0,32,0.0001,full,200
477,autoresearch,3,0.378,0.7233931231498718,27.4,8,0.0003,full,200
476,autoresearch,2,0.39,0.7183084440231323,27.8,32,0.0001,full,200
479,autoresearch,2,0.394,0.636694073677063,27.7,32,0.0003,full,200
478,autoresearch,3,0.388,0.6402149367332458,27.7,32,0.00025,full,200
480,autoresearch,2,0.406,0.657793710231781,27.1,16,0.0003,full,200
481,autoresearch,3,0.388,0.6360290336608887,27.1,64,0.0003,full,200
482,autoresearch,2,0.386,0.6852572774887085,26.3,16,0.0003,full,200
483,autoresearch,3,0.398,0.6309704995155334,26.7,64,0.0002,full,200
484,autoresearch,2,0.394,0.6745586848258972,27.0,16,0.0002,full,200
485,autoresearch,3,0.4,0.6602218055725098,27.0,64,0.00015,full,200
486,autoresearch,2,0.388,0.6876716136932373,26.6,8,0.0003,full,200
487,autoresearch,3,0.39,0.6920016813278198,26.8,32,0.00015,full,200
488,autoresearch,2,0.388,0.6758277153968811,26.4,32,0.0002,full,200
489,autoresearch,3,0.392,0.649299168586731,26.5,64,0.0002,full,200
490,autoresearch,2,0.4,0.6576784992218018,26.1,16,0.0003,full,200
491,autoresearch,3,0.402,0.6491629266738892,26.6,64,0.0002,full,200
493,autoresearch,3,0.402,0.649290246963501,26.6,64,0.0002,full,200
492,autoresearch,2,0.432,0.6392881226539612,41.8,16,0.0003,full,200
494,autoresearch,3,0.4,0.6491717100143433,27.0,64,0.0002,full,200
495,autoresearch,2,0.426,0.6403971576690674,40.8,32,0.0003,full,200
496,autoresearch,3,0.4,0.6492389678955078,26.0,64,0.0002,full,200
498,autoresearch,3,0.394,0.6491587257385254,26.2,64,0.0002,full,200
497,autoresearch,2,0.422,0.6227189087867737,40.7,16,0.0004,full,200
499,autoresearch,3,0.398,0.6491907978057861,26.5,64,0.0002,full,200
500,autoresearch,2,0.418,0.647977352142334,40.8,16,0.00025,full,200
501,autoresearch,3,0.4,0.6495773816108703,26.7,64,0.0002,full,200
503,autoresearch,3,0.4,0.6490234136581421,26.4,64,0.0002,full,200
502,autoresearch,2,0.428,0.609161274433136,40.8,64,0.0003,full,200
504,autoresearch,3,0.394,0.6493847393989562,26.6,64,0.0002,full,200
505,autoresearch,2,0.442,0.6072961258888244,40.7,32,0.0003,full,200
506,autoresearch,3,0.39,0.6349546980857849,27.5,64,0.0002,full,200
507,autoresearch,2,0.442,0.595316333770752,40.0,64,0.0003,full,200
508,autoresearch,2,0.444,0.6068720149993897,39.9,32,0.0003,full,200
509,autoresearch,2,0.448,0.6070294332504272,39.9,32,0.0003,full,200
511,autoresearch,5,0.376,0.8784226107597352,24.0,16,0.0001,medium,200
510,autoresearch,4,0.38,0.8783908128738404,24.2,16,0.0001,medium,200
512,autoresearch,5,0.396,0.6493754363059998,25.5,64,0.0002,full,200
513,autoresearch,4,0.394,0.6487596940994262,25.7,64,0.0002,full,200
514,autoresearch,5,0.39,0.7179294776916504,25.9,32,0.0001,full,200
515,autoresearch,4,0.39,0.7180915713310242,25.8,32,0.0001,full,200
517,autoresearch,4,0.388,0.862785964012146,20.8,8,0.0003,minimal,200
516,autoresearch,5,0.402,0.6581877589225769,25.6,32,0.0003,full,200
518,autoresearch,4,0.396,0.6655194854736328,25.7,32,0.00025,full,200
519,autoresearch,5,0.386,0.6360732460021973,25.9,64,0.0003,full,200
520,autoresearch,4,0.386,0.6397332191467285,25.8,32,0.00025,full,200
521,autoresearch,5,0.39,0.6358382368087768,25.9,32,0.0003,full,200
522,autoresearch,4,0.39,0.6758381152153015,25.6,32,0.0002,full,200
523,autoresearch,5,0.392,0.6921259498596192,25.7,32,0.00015,full,200
524,autoresearch,4,0.39,0.6404812216758728,26.5,64,0.00025,full,200
525,autoresearch,5,0.4,0.6576905798912048,25.8,16,0.0003,full,200
526,autoresearch,4,0.384,0.6921475648880004,27.0,32,0.00015,full,200
527,autoresearch,5,0.402,0.6584857249259949,27.4,32,0.0003,full,200
528,autoresearch,4,0.394,0.698378233909607,23.3,64,0.00025,medium,200
529,autoresearch,5,0.4,0.6585780382156372,26.7,32,0.0003,full,200
530,autoresearch,4,0.38,0.6406248044967652,26.7,64,0.00025,full,200
531,autoresearch,5,0.392,0.6587425637245178,20.5,32,0.0003,full,200
532,autoresearch,4,0.404,0.6652658295631408,26.4,32,0.00025,full,200
533,autoresearch,5,0.4,0.6583165264129639,25.8,32,0.0003,full,200
534,autoresearch,4,0.406,0.6653081107139588,26.3,32,0.00025,full,200
535,autoresearch,5,0.4,0.6582926440238953,25.9,32,0.0003,full,200
536,autoresearch,4,0.4,0.6585956525802612,26.5,32,0.0003,full,200
537,autoresearch,5,0.4,0.6584165573120118,26.1,32,0.0003,full,200
539,autoresearch,5,0.402,0.6582318234443665,27.0,32,0.0003,full,200
538,autoresearch,4,0.402,0.6646532535552978,27.8,32,0.00025,full,200
540,autoresearch,5,0.4,0.6585828518867493,25.8,32,0.0003,full,200
541,autoresearch,4,0.388,0.6967773342132568,26.5,16,0.00025,full,200
542,autoresearch,5,0.398,0.6587078428268432,25.9,32,0.0003,full,200
543,autoresearch,4,0.406,0.6652784156799316,26.3,32,0.00025,full,200
545,autoresearch,4,0.392,0.6986665964126587,19.0,32,0.00025,full,200
544,autoresearch,5,0.396,0.6586356472969055,26.0,32,0.0003,full,200
546,autoresearch,4,0.402,0.665071678161621,26.6,32,0.00025,full,200
547,autoresearch,5,0.398,0.675747971534729,26.0,32,0.0002,full,200
548,autoresearch,4,0.402,0.670204086303711,26.6,32,0.00025,full,200
549,autoresearch,5,0.404,0.658511905670166,25.7,32,0.0003,full,200
550,autoresearch,7,0.38,0.8782619619369507,23.9,16,0.0001,medium,200
551,autoresearch,6,0.378,0.8782462191581726,24.1,16,0.0001,medium,200
552,autoresearch,7,0.406,0.649516110420227,27.5,64,0.0002,full,200
553,autoresearch,6,0.394,0.6493495750427246,27.6,64,0.0002,full,200
554,autoresearch,7,0.388,0.718064124584198,26.3,32,0.0001,full,200
555,autoresearch,6,0.402,0.658568651676178,26.4,32,0.0003,full,200
556,autoresearch,7,0.382,0.8627188992500305,21.5,8,0.0003,minimal,200
557,autoresearch,6,0.356,0.9723573470115662,21.5,8,0.00015,minimal,200
558,autoresearch,7,0.39,0.6362988448143005,26.2,32,0.0003,full,200
559,autoresearch,6,0.396,0.6400687050819397,26.4,32,0.00025,full,200
560,autoresearch,7,0.392,0.7104052877426148,22.7,64,0.0002,medium,200
561,autoresearch,6,0.402,0.7493628907203674,22.9,32,0.0002,medium,200
562,autoresearch,7,0.392,0.633111879825592,26.4,64,0.0002,full,200
563,autoresearch,6,0.398,0.6585580348968506,26.4,32,0.0003,full,200
565,autoresearch,6,0.406,0.7226619052886963,23.0,32,0.0003,medium,200
564,autoresearch,7,0.402,0.6604653406143188,26.1,64,0.00015,full,200
566,autoresearch,6,0.406,0.7227848148345948,27.2,32,0.0003,medium,200
567,autoresearch,7,0.402,0.6494171857833863,32.3,64,0.0002,full,200
568,autoresearch,6,0.404,0.7233589673042298,23.8,32,0.0003,medium,200
569,autoresearch,7,0.4,0.6487650990486145,26.2,64,0.0002,full,200
570,autoresearch,6,0.41,0.7228610563278198,23.4,32,0.0003,medium,200
571,autoresearch,7,0.402,0.6491257739067078,28.1,64,0.0002,full,200
572,autoresearch,6,0.398,0.7220949125289917,26.5,32,0.0003,medium,200
573,autoresearch,7,0.396,0.6494388461112977,27.4,64,0.0002,full,200
574,autoresearch,6,0.41,0.7221421217918396,23.7,32,0.0003,medium,200
575,autoresearch,7,0.396,0.649093885421753,26.2,64,0.0002,full,200
576,autoresearch,6,0.408,0.7217077159881592,22.5,32,0.0003,medium,200
577,autoresearch,7,0.394,0.6404306364059448,26.4,64,0.00025,full,200
578,autoresearch,6,0.4,0.7189857769012451,35.2,32,0.0003,medium,200
579,autoresearch,7,0.4,0.6493823957443238,20.6,64,0.0002,full,200
580,autoresearch,6,0.406,0.7221386456489562,23.1,32,0.0003,medium,200
581,autoresearch,7,0.398,0.6492678856849671,26.7,64,0.0002,full,200
582,autoresearch,6,0.406,0.7218871808052063,23.1,32,0.0003,medium,200
583,autoresearch,7,0.396,0.6495906829833984,26.6,64,0.0002,full,200
584,autoresearch,6,0.414,0.6898332357406616,22.9,64,0.0003,medium,200
585,autoresearch,7,0.398,0.649058403968811,26.0,64,0.0002,full,200
586,autoresearch,6,0.384,0.6634856152534485,23.0,64,0.0003,medium,200
587,autoresearch,7,0.402,0.6492494964599609,28.9,64,0.0002,full,200
588,autoresearch,6,0.394,0.6833478784561158,25.5,64,0.00035,medium,200
589,autoresearch,7,0.38,0.6798227715492249,29.4,64,0.0001,full,200
591,autoresearch,8,0.378,0.878430380821228,23.7,16,0.0001,medium,200
590,autoresearch,9,0.378,0.8784290957450867,23.7,16,0.0001,medium,200
592,autoresearch,8,0.4,0.6494215321540833,26.8,64,0.0002,full,200
593,autoresearch,9,0.392,0.6494759583473205,27.3,64,0.0002,full,200
594,autoresearch,8,0.39,0.7178581380844116,25.4,32,0.0001,full,200
595,autoresearch,9,0.398,0.6589576935768128,25.8,32,0.0003,full,200
597,autoresearch,9,0.36,0.9723101592063904,20.8,8,0.00015,minimal,200
596,autoresearch,8,0.382,0.7233077096939087,25.5,8,0.0003,full,200
598,autoresearch,9,0.392,0.6404515814781189,25.7,32,0.00025,full,200
599,autoresearch,8,0.392,0.6754894399642944,25.5,32,0.0002,full,200
601,autoresearch,8,0.398,0.7113125371932983,22.5,64,0.0002,medium,200
600,autoresearch,9,0.394,0.6754748272895813,26.1,32,0.0002,full,200
602,autoresearch,8,0.402,0.6322019481658936,28.8,64,0.0002,full,200
603,autoresearch,9,0.394,0.6519393682479858,28.6,32,0.00035,full,200
604,autoresearch,8,0.406,0.6319828104972839,26.3,64,0.0002,full,200
605,autoresearch,9,0.394,0.6375999569892883,25.9,64,0.0003,full,200
606,autoresearch,8,0.402,0.630806736946106,29.3,64,0.0002,full,200
607,autoresearch,9,0.386,0.6922735714912415,29.4,32,0.00015,full,200
608,autoresearch,8,0.402,0.6314587807655334,25.6,64,0.0002,full,200
609,autoresearch,9,0.396,0.658533182144165,25.5,32,0.0003,full,200
610,autoresearch,8,0.418,0.631635148525238,25.9,64,0.0002,full,200
611,autoresearch,9,0.398,0.6582800579071045,25.7,32,0.0003,full,200
612,autoresearch,8,0.392,0.6367185497283936,26.0,64,0.00015,full,200
613,autoresearch,9,0.396,0.6587758111953735,25.8,32,0.0003,full,200
614,autoresearch,8,0.408,0.6312799096107483,27.1,64,0.0002,full,200
615,autoresearch,9,0.402,0.6587840604782105,26.8,32,0.0003,full,200
616,autoresearch,8,0.388,0.6358781623840332,26.9,64,0.0002,full,200
617,autoresearch,9,0.406,0.6583824634552002,27.2,32,0.0003,full,200
618,autoresearch,8,0.398,0.6319449663162231,27.1,64,0.0002,full,200
619,autoresearch,9,0.398,0.6584836435317993,26.8,32,0.0003,full,200
620,autoresearch,8,0.396,0.6311326837539672,28.0,64,0.0002,full,200
621,autoresearch,9,0.428,0.6412477374076844,42.9,32,0.0003,full,200
622,autoresearch,8,0.444,0.5986640048027039,42.4,64,0.0002,full,200
623,autoresearch,9,0.43,0.6405257463455201,42.0,32,0.0003,full,200
624,autoresearch,8,0.438,0.5983889293670654,41.0,64,0.0002,full,200
625,autoresearch,9,0.398,0.6580479454994201,38.2,32,0.0003,full,200
626,autoresearch,8,0.394,0.6322084617614746,38.3,64,0.0002,full,200
627,autoresearch,9,0.43,0.6407680201530457,29.1,32,0.0003,full,200
629,autoresearch,9,0.436,0.6090545988082886,41.4,64,0.0003,full,200
628,autoresearch,8,0.464,0.5577939164638519,47.0,64,0.0002,full,200
